epoch,train_r2,validation_r2,train_rmse,validation_rmse,time,band_1,band_2,band_3,band_4,band_5,band_6,band_7,band_8,band_9,band_10
0,0,0,0.43807,0.40907,1.05,196,389,583,775,970,1163,1355,1550,1742,1936
1,0,0,0.43701,0.40788,1.08,196,390,583,775,970,1164,1355,1550,1742,1936
2,0,0,0.43596,0.4067,1.1,196,390,584,774,971,1164,1355,1551,1742,1936
3,0,0,0.43492,0.40554,1.12,196,390,584,774,971,1164,1354,1551,1741,1935
4,0,0,0.43388,0.40439,1.15,196,391,584,774,972,1165,1354,1551,1741,1935
5,0,0,0.43285,0.40325,1.17,197,391,585,773,972,1165,1353,1552,1741,1935
6,0,0,0.43182,0.40211,1.2,197,391,585,773,973,1166,1353,1552,1740,1935
7,0,0,0.43079,0.40104,1.22,197,391,586,772,973,1166,1352,1552,1740,1935
8,0,0,0.42979,0.40001,1.25,197,392,586,772,974,1167,1352,1553,1740,1934
9,0,0,0.42881,0.39898,1.27,197,392,587,772,974,1167,1351,1553,1739,1934
10,0,0,0.42782,0.39794,1.3,198,392,587,772,975,1168,1351,1553,1739,1934
11,0,0,0.42684,0.39691,1.32,198,393,587,772,975,1168,1350,1553,1739,1934
12,0,0,0.42586,0.39588,1.36,198,393,588,772,976,1168,1350,1554,1738,1934
13,0,0,0.42488,0.39485,1.39,198,393,588,772,976,1168,1349,1554,1738,1933
14,0,0,0.4239,0.39381,1.41,198,394,589,772,976,1169,1349,1554,1738,1933
15,0,0,0.42292,0.39278,1.43,198,394,589,773,977,1169,1348,1554,1738,1933
16,0,0,0.42195,0.39175,1.46,199,394,589,773,977,1169,1347,1554,1737,1933
17,0,0,0.42098,0.39072,1.48,199,395,590,773,977,1169,1347,1554,1737,1933
18,0,0,0.42,0.38969,1.5,199,395,590,774,978,1169,1347,1554,1737,1932
19,0,0,0.41903,0.38867,1.53,199,395,590,774,978,1169,1346,1553,1736,1932
20,0,0,0.41807,0.38764,1.55,199,396,591,774,978,1169,1346,1553,1736,1932
21,0,0,0.4171,0.38661,1.57,200,396,591,775,978,1169,1345,1553,1736,1932
22,0,0,0.41614,0.38559,1.59,200,396,592,775,978,1169,1345,1553,1736,1932
23,0,0,0.41518,0.38457,1.62,200,397,592,776,979,1170,1345,1553,1735,1931
24,0,0,0.41423,0.38354,1.64,200,397,592,776,979,1170,1344,1553,1735,1931
25,0,0,0.41328,0.38252,1.66,200,397,593,777,979,1170,1344,1553,1735,1931
26,0,0,0.41233,0.3815,1.7,200,398,593,777,979,1170,1344,1552,1735,1931
27,0,0,0.41139,0.38048,1.72,201,398,594,778,979,1170,1343,1552,1734,1931
28,0,0,0.41044,0.37947,1.75,201,398,594,778,979,1169,1343,1552,1734,1930
29,0,0,0.4095,0.37845,1.77,201,398,594,779,980,1169,1342,1552,1734,1930
30,0,0,0.40856,0.37743,1.79,201,399,595,779,980,1169,1342,1551,1733,1930
31,0,0,0.40762,0.37642,1.82,201,399,595,780,980,1169,1342,1551,1733,1930
32,0,0,0.40668,0.37541,1.84,202,399,595,780,980,1169,1341,1551,1733,1930
33,0,0,0.40574,0.3744,1.86,202,400,596,781,980,1169,1341,1550,1733,1929
34,0,0,0.40481,0.37339,1.88,202,400,596,781,980,1169,1340,1550,1732,1929
35,0,0,0.40387,0.37238,1.91,202,400,597,782,980,1169,1340,1550,1732,1929
36,0,0,0.40294,0.37137,1.93,202,401,597,782,981,1169,1340,1550,1732,1929
37,0,0,0.402,0.37037,1.95,203,401,597,783,981,1169,1339,1549,1732,1929
38,0,0,0.40107,0.36937,1.97,203,401,598,783,981,1169,1339,1549,1731,1928
39,0,0,0.40012,0.36835,2.0,203,402,598,784,981,1169,1339,1549,1731,1928
40,0,0,0.39918,0.36733,2.02,203,402,598,784,981,1169,1338,1548,1731,1928
41,0,0,0.39824,0.36631,2.05,203,402,599,785,981,1169,1338,1548,1730,1928
42,0,0,0.39729,0.36529,2.07,203,403,599,785,981,1169,1337,1548,1730,1928
43,0,0,0.39634,0.36427,2.09,204,403,600,786,981,1169,1337,1547,1730,1927
44,0,0,0.39538,0.36325,2.12,204,403,600,786,982,1169,1337,1547,1730,1927
45,0,0,0.39441,0.36223,2.14,204,404,600,787,982,1169,1336,1547,1729,1927
46,0,0,0.39343,0.3612,2.16,204,404,601,787,982,1169,1336,1546,1729,1927
47,0,0,0.39245,0.36018,2.19,204,404,601,788,982,1169,1335,1546,1729,1927
48,0,0,0.39146,0.35915,2.21,205,405,602,789,982,1169,1335,1546,1729,1926
49,0,0,0.39046,0.35812,2.23,205,405,602,789,982,1169,1335,1545,1728,1926
50,0,0,0.38944,0.35709,2.25,205,405,603,790,982,1170,1334,1545,1728,1926
51,0,0,0.38842,0.35605,2.28,205,406,603,790,982,1170,1334,1545,1728,1926
52,0,0,0.38736,0.35502,2.3,205,406,603,790,983,1170,1333,1544,1728,1926
53,0,0,0.38628,0.35398,2.32,206,406,604,791,983,1170,1333,1544,1727,1925
54,0,0,0.38519,0.35293,2.35,206,407,604,791,983,1170,1332,1544,1727,1925
55,0,0,0.38409,0.35188,2.37,206,407,605,792,983,1171,1332,1543,1727,1925
56,0,0,0.38296,0.35083,2.4,206,408,605,792,983,1171,1331,1543,1727,1925
57,0,0,0.38181,0.34978,2.43,206,408,606,793,983,1171,1331,1542,1726,1925
58,0,0,0.38065,0.34868,2.45,206,408,606,793,983,1172,1331,1542,1726,1924
59,0,0,0.37948,0.34754,2.48,207,409,606,794,983,1172,1331,1541,1726,1924
60,0,0,0.37829,0.34635,2.5,207,409,607,794,984,1172,1331,1541,1726,1924
61,0,0,0.37708,0.34514,2.52,207,410,607,795,984,1173,1330,1540,1726,1924
62,0,0,0.37585,0.34392,2.55,207,410,608,795,984,1173,1330,1540,1726,1924
63,0,0,0.37461,0.34262,2.57,207,410,608,796,984,1173,1330,1539,1725,1923
64,0,0,0.37335,0.34131,2.59,208,411,609,796,984,1174,1330,1539,1725,1923
65,0,0,0.37207,0.34,2.62,208,411,609,797,984,1174,1330,1538,1725,1923
66,0,0,0.37077,0.33867,2.64,208,412,610,798,984,1174,1330,1538,1725,1923
67,0,0,0.36946,0.33723,2.67,208,412,610,798,984,1175,1330,1537,1725,1923
68,0,0,0.36812,0.33576,2.7,208,413,610,799,984,1175,1330,1537,1724,1922
69,0,0,0.36674,0.33427,2.72,209,413,611,799,984,1175,1330,1536,1724,1922
70,0,0,0.36534,0.33275,2.74,209,414,611,800,984,1176,1330,1536,1724,1922
71,0,0,0.36392,0.33122,2.77,209,414,612,801,985,1176,1330,1535,1724,1922
72,0,0,0.36246,0.32967,2.79,209,415,612,802,985,1177,1329,1535,1723,1921
73,0,0,0.36098,0.32809,2.81,209,415,613,803,985,1177,1329,1534,1723,1921
74,0,0,0.35947,0.32648,2.84,210,416,614,803,985,1177,1329,1534,1723,1921
75,0,0,0.35794,0.32484,2.86,210,416,614,804,985,1178,1328,1534,1722,1921
76,0,0,0.35638,0.3232,2.88,210,416,615,805,985,1179,1328,1533,1722,1921
77,0,0,0.3548,0.32153,2.91,210,417,615,806,985,1179,1328,1533,1721,1920
78,0,0,0.35319,0.31983,2.93,210,417,616,807,986,1180,1327,1532,1721,1920
79,0,0,0.35156,0.3181,2.95,211,418,616,808,986,1181,1327,1532,1720,1920
80,0,0,0.34991,0.31635,2.97,211,419,617,809,986,1182,1326,1531,1720,1920
81,0,0,0.34823,0.31456,2.99,211,419,617,810,986,1183,1326,1531,1719,1920
82,0,0,0.34652,0.31275,3.02,211,420,618,811,987,1184,1325,1530,1719,1919
83,0,0,0.34479,0.31091,3.04,211,420,618,812,987,1185,1325,1529,1718,1919
84,0,0,0.34304,0.30903,3.07,212,421,619,813,987,1186,1325,1529,1718,1919
85,0,0,0.34127,0.30713,3.1,212,421,620,814,987,1186,1324,1528,1718,1919
86,0,0,0.33947,0.3052,3.12,212,422,620,814,987,1187,1324,1528,1717,1919
87,0,0,0.33764,0.30324,3.15,212,422,621,815,986,1188,1323,1527,1717,1918
88,0,0,0.33577,0.30125,3.17,212,423,621,816,986,1189,1323,1527,1716,1918
89,0,0,0.33385,0.29923,3.19,213,423,622,817,986,1190,1322,1526,1716,1918
90,0,0,0.33191,0.29718,3.21,213,424,623,818,986,1191,1322,1525,1716,1918
91,0,0,0.32994,0.2951,3.24,213,424,623,819,986,1192,1321,1525,1715,1917
92,0,0,0.32794,0.29298,3.26,213,425,624,819,986,1193,1321,1524,1715,1917
93,0,0,0.32592,0.29082,3.29,213,425,624,820,986,1194,1320,1524,1715,1917
94,0,0,0.32387,0.28864,3.31,214,426,625,821,986,1194,1320,1523,1714,1917
95,0,0,0.32181,0.28643,3.33,214,426,625,822,986,1195,1319,1523,1714,1916
96,0,0,0.31972,0.28418,3.36,214,427,626,823,986,1196,1319,1522,1714,1916
97,0,0,0.31761,0.28191,3.38,214,427,627,824,986,1197,1318,1522,1713,1916
98,0,0,0.31548,0.27962,3.41,214,428,627,824,987,1197,1318,1521,1713,1916
99,0,0,0.31334,0.27729,3.44,215,428,628,825,987,1198,1318,1520,1713,1916
100,0,0,0.31117,0.27493,3.46,215,429,628,826,987,1198,1317,1520,1712,1915
101,0,0,0.30899,0.27255,3.49,215,429,629,827,986,1199,1317,1519,1712,1915
102,0,0,0.30679,0.27013,3.51,215,430,629,828,986,1199,1317,1519,1711,1915
103,0,0,0.30458,0.2677,3.53,215,430,630,828,986,1200,1316,1518,1711,1915
104,0,0,0.30236,0.26523,3.56,215,431,630,829,986,1200,1316,1517,1710,1915
105,0,0,0.30012,0.26275,3.58,216,432,631,830,986,1201,1316,1517,1710,1915
106,0,0,0.29787,0.26024,3.6,216,432,631,831,986,1202,1315,1516,1709,1914
107,0,0,0.29562,0.25771,3.63,216,433,632,832,986,1202,1315,1516,1709,1914
108,0,0,0.29336,0.25516,3.65,216,433,633,833,986,1203,1315,1515,1708,1914
109,0,0,0.2911,0.25259,3.7,216,434,633,833,986,1204,1315,1515,1708,1914
110,0,0,0.28884,0.25,3.73,217,434,634,834,986,1204,1314,1514,1707,1914
111,0,0,0.28658,0.2474,3.76,217,435,634,835,986,1205,1314,1514,1707,1913
112,0,0,0.28432,0.24477,3.79,217,435,635,836,986,1206,1314,1513,1706,1913
113,0,0,0.28206,0.24213,3.82,217,436,635,837,986,1207,1313,1513,1706,1913
114,0,0,0.27981,0.23948,3.85,217,436,636,838,986,1208,1313,1512,1706,1913
115,0,0,0.27757,0.23682,3.88,217,437,637,838,986,1209,1313,1512,1705,1913
116,0,0,0.27535,0.23415,3.91,218,437,637,839,986,1210,1312,1511,1705,1913
117,0,0,0.27314,0.23148,3.95,218,438,637,840,986,1211,1312,1511,1705,1913
118,0,0,0.27094,0.2288,3.98,218,439,638,841,986,1212,1312,1510,1705,1913
119,0,0,0.26876,0.22611,4.02,218,439,638,842,986,1212,1311,1510,1705,1913
120,0,0,0.26661,0.22342,4.05,218,440,639,843,986,1213,1311,1509,1705,1913
121,0,0,0.26448,0.22074,4.07,218,440,639,843,986,1214,1311,1509,1705,1913
122,0,0,0.26238,0.21807,4.1,219,441,640,844,987,1215,1310,1509,1705,1912
123,0,0,0.26031,0.21539,4.13,219,441,640,845,987,1216,1310,1508,1705,1912
124,0,0,0.25827,0.21272,4.16,219,441,641,846,987,1216,1310,1508,1704,1912
125,0,0,0.25626,0.21007,4.19,219,442,642,847,986,1217,1309,1508,1704,1912
126,0,0,0.25431,0.20744,4.22,219,443,642,848,986,1218,1309,1507,1704,1912
127,0,0,0.25239,0.20482,4.25,219,443,643,849,986,1219,1308,1507,1704,1912
128,0,0,0.25052,0.20222,4.27,219,444,643,850,986,1220,1308,1507,1704,1912
129,0,0,0.24869,0.19965,4.29,220,444,643,850,986,1221,1308,1507,1703,1912
130,0,0,0.24691,0.19709,4.32,220,445,644,851,986,1222,1307,1506,1703,1912
131,0,0,0.24519,0.19456,4.34,220,445,644,852,987,1222,1307,1506,1703,1911
132,0,0,0.24351,0.19207,4.36,220,446,645,853,987,1223,1307,1506,1702,1911
133,0,0,0.2419,0.1896,4.38,220,446,645,854,987,1224,1307,1505,1702,1911
134,0,0,0.24034,0.18717,4.41,220,447,646,855,987,1224,1306,1505,1702,1911
135,0,0,0.23884,0.18479,4.43,221,447,646,856,987,1225,1306,1505,1702,1910
136,0,0,0.23741,0.18244,4.46,221,448,647,856,987,1226,1306,1504,1701,1910
137,0,0,0.23603,0.18014,4.48,221,448,647,857,987,1226,1306,1504,1701,1910
138,0,0,0.23471,0.17785,4.5,221,449,648,858,987,1227,1305,1504,1701,1910
139,0,0,0.23344,0.1756,4.53,221,449,648,859,987,1227,1305,1503,1700,1909
140,0,0,0.23223,0.17338,4.55,221,449,649,860,987,1228,1305,1503,1700,1909
141,0,0,0.23107,0.17119,4.58,221,450,649,860,987,1229,1305,1503,1699,1909
142,0,0,0.22999,0.16906,4.6,222,450,650,861,987,1229,1305,1502,1699,1909
143,0,0,0.22897,0.16698,4.63,222,451,651,862,987,1230,1304,1502,1699,1908
144,0,0,0.22801,0.16495,4.66,222,451,651,863,987,1230,1304,1502,1698,1908
145,0,0,0.22713,0.16299,4.68,222,452,652,863,987,1231,1304,1502,1698,1908
146,0,0,0.22631,0.16109,4.71,222,452,652,864,988,1231,1304,1501,1698,1908
147,0,0,0.22556,0.15925,4.73,222,453,653,865,988,1232,1303,1501,1698,1908
148,0,0,0.22488,0.1575,4.76,223,453,653,865,988,1232,1303,1501,1697,1907
149,0,0,0.22426,0.15581,4.78,223,454,654,866,989,1233,1303,1501,1697,1907
150,0,0,0.22371,0.1542,4.8,223,454,654,867,990,1233,1303,1501,1697,1907
151,0,0,0.22321,0.15268,4.83,223,455,654,868,991,1234,1302,1500,1696,1907
152,0,0,0.22277,0.15123,4.86,223,455,655,868,992,1234,1302,1500,1696,1907
153,0,0,0.22238,0.14986,4.89,223,456,655,869,993,1234,1302,1500,1696,1906
154,0,0,0.22204,0.14857,4.91,224,456,656,870,994,1235,1301,1500,1696,1906
155,0,0,0.22175,0.14736,4.94,224,456,656,870,995,1235,1301,1500,1695,1906
156,0,0,0.22149,0.14623,4.96,224,457,656,871,996,1236,1301,1500,1695,1906
157,0,0,0.22126,0.14517,4.99,224,457,657,871,997,1236,1301,1499,1695,1906
158,0,0,0.22106,0.1442,5.01,224,458,657,872,998,1237,1300,1499,1695,1906
159,0,0,0.22089,0.14329,5.04,225,458,658,872,999,1237,1300,1499,1694,1905
160,0,0,0.22073,0.14246,5.06,225,458,658,873,1001,1238,1300,1499,1694,1905
161,0,0,0.22058,0.1417,5.09,225,459,659,873,1002,1238,1299,1499,1694,1905
162,0,0,0.22044,0.14101,5.12,225,459,659,874,1003,1239,1299,1499,1694,1905
163,0,0,0.22031,0.14038,5.15,225,460,660,875,1004,1239,1299,1499,1693,1905
164,0,0,0.22017,0.1398,5.18,225,460,660,875,1005,1239,1298,1499,1693,1904
165,0,0,0.22005,0.13927,5.21,226,460,660,876,1006,1240,1298,1499,1693,1904
166,0,0,0.21991,0.1388,5.24,226,461,661,876,1008,1240,1298,1499,1693,1904
167,0,0,0.21977,0.13838,5.27,226,461,661,877,1009,1240,1298,1499,1692,1904
168,0,0,0.21963,0.138,5.3,226,461,661,877,1010,1241,1297,1499,1692,1904
169,0,0,0.21948,0.13765,5.33,226,462,662,878,1011,1241,1297,1499,1692,1904
170,0,0,0.21934,0.13734,5.35,227,462,662,878,1012,1241,1297,1500,1692,1903
171,0,0,0.21919,0.13707,5.38,227,463,662,879,1013,1241,1296,1500,1691,1903
172,0,0,0.21903,0.13682,5.42,227,463,663,879,1014,1241,1296,1500,1691,1903
173,0,0,0.21888,0.1366,5.45,227,463,663,880,1015,1242,1296,1500,1691,1903
174,0,0,0.21871,0.1364,5.48,227,464,663,880,1016,1242,1296,1500,1691,1903
175,0,0,0.21855,0.13622,5.5,228,464,664,881,1017,1242,1295,1500,1690,1903
176,0,0,0.21838,0.13605,5.53,228,464,664,881,1018,1242,1295,1500,1690,1902
177,0,0,0.21821,0.1359,5.55,228,464,664,882,1019,1242,1295,1500,1690,1902
178,0,0,0.21803,0.13577,5.58,228,465,665,882,1020,1242,1294,1500,1690,1902
179,0,0,0.21786,0.13564,5.61,228,465,665,882,1021,1243,1294,1500,1689,1902
180,0,0,0.21768,0.13552,5.63,229,465,665,883,1022,1243,1294,1500,1689,1901
181,0,0,0.21751,0.13542,5.65,229,466,666,883,1023,1243,1293,1500,1689,1901
182,0,0,0.21733,0.13531,5.68,229,466,666,884,1024,1243,1293,1500,1689,1901
183,0,0,0.21715,0.13521,5.7,229,466,666,884,1025,1243,1293,1500,1688,1901
184,0,0,0.21697,0.13511,5.72,229,467,666,885,1026,1244,1292,1500,1688,1901
185,0,0,0.21678,0.13501,5.75,230,467,667,885,1027,1244,1292,1500,1688,1900
186,0,0,0.2166,0.13492,5.78,230,467,667,886,1028,1244,1292,1500,1688,1900
187,0,0,0.21642,0.13482,5.81,230,468,667,886,1029,1244,1291,1500,1687,1900
188,0,0,0.21625,0.13472,5.83,230,468,668,887,1030,1245,1291,1500,1687,1900
189,0,0,0.21611,0.13462,5.85,230,468,668,887,1030,1245,1291,1500,1687,1899
190,0,0,0.21598,0.13454,5.88,231,469,668,888,1031,1245,1290,1500,1687,1899
191,0,0,0.21584,0.13442,5.9,231,469,669,888,1032,1245,1290,1500,1686,1899
192,0,0,0.2157,0.13427,5.92,231,469,669,889,1033,1246,1290,1500,1686,1899
193,0,0,0.21555,0.13408,5.95,231,470,669,889,1034,1246,1289,1500,1686,1899
194,0,0,0.2154,0.13386,5.97,231,470,670,889,1035,1246,1289,1500,1686,1898
195,0,0,0.21524,0.13362,5.99,232,470,670,890,1036,1247,1289,1500,1686,1898
196,0,0,0.21508,0.13334,6.02,232,471,670,890,1036,1247,1288,1500,1685,1898
197,0,0,0.21491,0.13305,6.04,232,471,671,891,1037,1247,1288,1500,1685,1898
198,0,0,0.21474,0.13273,6.06,232,471,671,891,1038,1247,1288,1500,1685,1897
199,0,0,0.21457,0.13239,6.09,232,472,671,892,1038,1248,1287,1500,1685,1897
200,0,0,0.2144,0.13203,6.12,233,472,672,892,1039,1248,1287,1500,1684,1897
201,0,0,0.21422,0.13167,6.14,233,472,672,893,1040,1248,1287,1500,1684,1897
202,0,0,0.21405,0.13132,6.16,233,473,672,893,1040,1249,1286,1500,1684,1897
203,0,0,0.21388,0.13099,6.18,233,473,672,893,1041,1249,1286,1500,1684,1897
204,0,0,0.21373,0.13067,6.21,233,473,673,894,1042,1250,1286,1500,1683,1896
205,0,0,0.21358,0.13036,6.23,233,474,673,894,1042,1250,1285,1500,1683,1896
206,0,0,0.21342,0.13007,6.25,234,474,673,895,1043,1250,1285,1500,1683,1896
207,0,0,0.21325,0.1298,6.28,234,474,673,895,1043,1251,1284,1500,1683,1896
208,0,0,0.21309,0.12954,6.3,234,474,673,896,1044,1251,1284,1500,1682,1896
209,0,0,0.21292,0.12929,6.32,234,475,674,896,1045,1251,1284,1500,1682,1895
210,0,0,0.21274,0.12905,6.34,234,475,674,897,1045,1252,1283,1500,1682,1895
211,0,0,0.21256,0.12883,6.37,235,475,674,897,1046,1252,1283,1500,1682,1895
212,0,0,0.21239,0.1286,6.39,235,476,674,898,1047,1252,1282,1500,1681,1895
213,0,0,0.21222,0.12838,6.41,235,476,675,898,1048,1252,1282,1500,1681,1894
214,0,0,0.21205,0.12815,6.43,235,476,675,899,1048,1252,1282,1500,1681,1894
215,0,0,0.21188,0.12791,6.46,235,477,675,899,1049,1253,1281,1500,1681,1894
216,0,0,0.21171,0.12767,6.48,236,477,675,899,1050,1253,1281,1500,1681,1894
217,0,0,0.21154,0.1274,6.5,236,477,676,900,1050,1253,1280,1500,1680,1894
218,0,0,0.21136,0.12711,6.53,236,478,676,900,1051,1253,1280,1500,1680,1893
219,0,0,0.21119,0.1268,6.55,236,478,676,901,1051,1253,1280,1500,1680,1893
220,0,0,0.21101,0.1265,6.57,236,478,677,901,1052,1253,1279,1500,1680,1893
221,0,0,0.21083,0.12619,6.59,237,479,677,902,1053,1253,1279,1500,1680,1893
222,0,0,0.21066,0.12589,6.62,237,479,677,902,1053,1253,1278,1500,1679,1893
223,0,0,0.21048,0.12559,6.64,237,479,678,902,1054,1253,1278,1500,1679,1892
224,0,0,0.21031,0.1253,6.66,237,480,678,903,1055,1254,1277,1500,1679,1892
225,0,0,0.21013,0.12502,6.69,237,480,678,903,1055,1254,1277,1500,1679,1892
226,0,0,0.20995,0.12475,6.71,238,480,679,904,1056,1254,1276,1500,1679,1892
227,0,0,0.20977,0.12448,6.73,238,480,679,904,1057,1254,1276,1500,1678,1892
228,0,0,0.20959,0.12422,6.76,238,481,679,904,1058,1254,1276,1500,1678,1891
229,0,0,0.20941,0.12395,6.78,238,481,680,905,1058,1254,1275,1500,1678,1891
230,0,0,0.20923,0.12368,6.8,238,481,680,905,1059,1253,1275,1500,1678,1891
231,0,0,0.20904,0.1234,6.82,238,482,680,906,1060,1253,1274,1500,1678,1891
232,0,0,0.20886,0.12311,6.85,239,482,680,906,1061,1253,1274,1500,1677,1891
233,0,0,0.20868,0.12281,6.87,239,482,681,907,1062,1253,1273,1500,1677,1890
234,0,0,0.20849,0.12251,6.89,239,483,681,907,1062,1253,1273,1500,1677,1890
235,0,0,0.20831,0.1222,6.91,239,483,681,908,1063,1253,1272,1500,1677,1890
236,0,0,0.20812,0.12188,6.94,239,483,682,908,1064,1253,1272,1500,1676,1890
237,0,0,0.20794,0.12156,6.96,240,484,682,908,1064,1253,1271,1500,1676,1890
238,0,0,0.20775,0.12124,6.98,240,484,682,909,1065,1253,1271,1500,1676,1889
239,0,0,0.20757,0.12092,7.0,240,484,682,909,1065,1253,1270,1500,1676,1889
240,0,0,0.20738,0.12061,7.03,240,485,683,910,1066,1253,1270,1500,1676,1889
241,0,0,0.20719,0.12031,7.05,240,485,683,910,1066,1253,1269,1500,1675,1889
242,0,0,0.207,0.12002,7.07,241,485,683,910,1067,1253,1269,1500,1675,1888
243,0,0,0.20681,0.11971,7.09,241,485,683,911,1067,1253,1268,1500,1675,1888
244,0,0,0.20662,0.11941,7.12,241,486,684,911,1068,1253,1268,1500,1675,1888
245,0,0,0.20643,0.1191,7.15,241,486,684,912,1068,1253,1267,1500,1674,1888
246,0,0,0.20624,0.11878,7.18,241,486,684,912,1068,1253,1267,1500,1674,1888
247,0,0,0.20605,0.11847,7.2,242,487,684,912,1068,1253,1266,1500,1674,1887
248,0,0,0.20586,0.11815,7.22,242,487,685,913,1068,1253,1266,1500,1674,1887
249,0,0,0.20567,0.11783,7.24,242,487,685,913,1069,1252,1265,1500,1674,1887
250,0,0,0.20547,0.11751,7.27,242,488,685,913,1069,1252,1265,1500,1673,1887
251,0,0,0.20528,0.11718,7.29,242,488,686,914,1069,1252,1264,1500,1673,1886
252,0,0,0.20509,0.11686,7.31,243,488,686,914,1069,1252,1264,1500,1673,1886
253,0,0,0.20489,0.11654,7.33,243,488,686,915,1069,1252,1263,1500,1673,1886
254,0,0,0.2047,0.11624,7.36,243,489,686,915,1068,1252,1263,1500,1673,1886
255,0,0,0.2045,0.11593,7.38,243,489,687,915,1068,1253,1262,1500,1672,1886
256,0,0,0.2043,0.11563,7.4,243,489,687,916,1068,1253,1262,1500,1672,1885
257,0,0,0.2041,0.11532,7.43,244,490,687,916,1068,1253,1261,1500,1672,1885
258,0,0,0.2039,0.11501,7.45,244,490,687,917,1068,1253,1261,1500,1672,1885
259,0,0,0.20371,0.11469,7.47,244,490,688,917,1068,1253,1260,1500,1672,1885
260,0,0,0.2035,0.11438,7.49,244,490,688,917,1067,1253,1260,1500,1672,1885
261,0,0,0.2033,0.11406,7.52,244,491,688,918,1067,1253,1259,1500,1672,1884
262,0,0,0.2031,0.11375,7.54,245,491,688,918,1067,1253,1259,1500,1671,1884
263,0,0,0.2029,0.11343,7.56,245,491,688,918,1067,1253,1258,1500,1671,1884
264,0,0,0.2027,0.11311,7.58,245,492,689,919,1067,1253,1258,1500,1671,1884
265,0,0,0.2025,0.11278,7.61,245,492,689,919,1066,1253,1257,1500,1671,1884
266,0,0,0.20229,0.11246,7.63,245,492,689,919,1066,1253,1257,1500,1671,1883
267,0,0,0.20209,0.11214,7.65,246,492,689,920,1066,1253,1256,1500,1671,1883
268,0,0,0.20188,0.11181,7.68,246,493,689,920,1066,1253,1256,1500,1671,1883
269,0,0,0.20167,0.11149,7.71,246,493,690,920,1066,1253,1255,1500,1670,1883
270,0,0,0.20147,0.11117,7.74,246,493,690,920,1066,1253,1254,1500,1670,1882
271,0,0,0.20126,0.11085,7.77,246,493,690,921,1066,1253,1254,1500,1670,1882
272,0,0,0.20105,0.11052,7.8,247,494,690,921,1066,1253,1253,1500,1670,1882
273,0,0,0.20084,0.11021,7.82,247,494,690,921,1066,1253,1253,1500,1670,1882
274,0,0,0.20063,0.10989,7.84,247,494,690,921,1066,1253,1252,1500,1670,1882
275,0,0,0.20042,0.10957,7.87,247,495,691,922,1066,1253,1252,1500,1670,1881
276,0,0,0.20021,0.10925,7.89,247,495,691,922,1066,1253,1251,1500,1670,1881
277,0,0,0.2,0.10893,7.91,248,495,691,922,1066,1253,1251,1500,1670,1881
278,0,0,0.19979,0.10861,7.94,248,495,691,922,1066,1253,1250,1500,1669,1881
279,0,0,0.19957,0.10829,7.96,248,496,691,923,1066,1253,1249,1500,1669,1881
280,0,0,0.19936,0.10796,7.98,248,496,691,923,1066,1253,1249,1500,1669,1880
281,0,0,0.19914,0.10762,8.01,248,496,692,923,1066,1253,1248,1500,1669,1880
282,0,0,0.19892,0.10727,8.03,249,497,692,923,1066,1253,1248,1500,1669,1880
283,0,0,0.19871,0.10692,8.05,249,497,692,924,1066,1253,1247,1500,1669,1880
284,0,0,0.19849,0.10657,8.08,249,497,692,924,1066,1253,1247,1500,1669,1879
285,0,0,0.19827,0.10621,8.1,249,497,692,924,1066,1253,1246,1500,1668,1879
286,0,0,0.19805,0.10586,8.12,250,498,693,925,1066,1253,1245,1500,1668,1879
287,0,0,0.19783,0.1055,8.15,250,498,693,925,1066,1253,1245,1500,1668,1879
288,0,0,0.19761,0.10514,8.17,250,498,693,925,1066,1253,1244,1500,1668,1879
289,0,0,0.19739,0.10479,8.19,250,498,693,925,1066,1253,1243,1500,1668,1878
290,0,0,0.19717,0.10445,8.22,250,499,693,926,1066,1253,1243,1500,1668,1878
291,0,0,0.19695,0.10411,8.24,251,499,693,926,1066,1253,1242,1500,1667,1878
292,0,0,0.19672,0.10376,8.26,251,499,694,926,1066,1253,1241,1500,1667,1878
293,0,0,0.1965,0.10342,8.29,251,499,694,926,1066,1253,1241,1500,1667,1878
294,0,0,0.19627,0.10307,8.31,251,500,694,927,1066,1252,1240,1500,1667,1877
295,0,0,0.19604,0.10273,8.33,251,500,694,927,1066,1252,1239,1500,1667,1877
296,0,0,0.19582,0.10239,8.35,252,500,694,927,1066,1252,1239,1500,1666,1877
297,0,0,0.19559,0.10204,8.38,252,500,695,927,1066,1252,1238,1500,1666,1877
298,0,0,0.19536,0.1017,8.4,252,501,695,928,1066,1252,1238,1500,1666,1877
299,0,0,0.19513,0.10136,8.43,252,501,695,928,1066,1252,1237,1500,1666,1876
300,0,0,0.1949,0.10102,8.46,253,501,695,928,1066,1252,1236,1500,1665,1876
301,0,0,0.19466,0.10068,8.48,253,501,695,928,1066,1252,1236,1500,1665,1876
302,0,0,0.19443,0.10033,8.5,253,502,696,929,1066,1252,1235,1500,1665,1876
303,0,0,0.1942,0.09997,8.53,253,502,696,929,1066,1252,1234,1500,1665,1875
304,0,0,0.19396,0.09959,8.55,253,502,696,929,1066,1252,1234,1500,1665,1875
305,0,0,0.19373,0.09921,8.57,254,502,696,929,1066,1252,1233,1500,1664,1875
306,0,0,0.19349,0.09882,8.59,254,502,696,930,1066,1252,1232,1500,1664,1875
307,0,0,0.19326,0.09844,8.62,254,503,696,930,1066,1252,1232,1500,1664,1874
308,0,0,0.19302,0.09807,8.64,254,503,697,930,1066,1252,1231,1500,1664,1874
309,0,0,0.19278,0.09771,8.66,255,503,697,930,1066,1252,1230,1500,1663,1874
310,0,0,0.19254,0.09736,8.69,255,503,697,930,1066,1252,1230,1500,1663,1874
311,0,0,0.1923,0.097,8.71,255,504,697,931,1066,1252,1229,1500,1663,1874
312,0,0,0.19205,0.09664,8.74,255,504,697,931,1066,1252,1228,1500,1663,1873
313,0,0,0.19181,0.09627,8.76,256,504,697,931,1066,1252,1228,1500,1663,1873
314,0,0,0.19157,0.09589,8.78,256,504,697,931,1066,1252,1227,1500,1662,1873
315,0,0,0.19132,0.09552,8.8,256,505,698,931,1066,1252,1226,1500,1662,1873
316,0,0,0.19108,0.09514,8.83,256,505,698,932,1066,1252,1226,1500,1662,1873
317,0,0,0.19083,0.09476,8.85,257,505,698,932,1066,1252,1225,1500,1662,1872
318,0,0,0.19058,0.09438,8.87,257,505,698,932,1066,1252,1224,1500,1662,1872
319,0,0,0.19033,0.094,8.9,257,506,698,932,1066,1252,1224,1500,1662,1872
320,0,0,0.19008,0.09362,8.92,257,506,698,933,1066,1252,1223,1500,1661,1872
321,0,0,0.18983,0.09324,8.94,258,506,698,933,1066,1252,1223,1500,1661,1872
322,0,0,0.18958,0.09286,8.97,258,506,698,933,1066,1252,1222,1500,1661,1871
323,0,0,0.18933,0.09249,8.99,258,506,698,933,1066,1252,1221,1500,1661,1871
324,0,0,0.18907,0.09211,9.01,258,507,698,934,1066,1252,1221,1500,1661,1871
325,0,0,0.18882,0.09174,9.03,259,507,699,934,1066,1252,1220,1500,1661,1871
326,0,0,0.18856,0.09136,9.06,259,507,699,934,1066,1252,1220,1500,1661,1871
327,0,0,0.1883,0.09097,9.08,259,507,699,934,1066,1252,1219,1500,1661,1870
328,0,0,0.18805,0.09058,9.1,259,507,699,935,1066,1252,1218,1500,1661,1870
329,0,0,0.18779,0.09018,9.13,260,508,699,935,1066,1252,1218,1500,1661,1870
330,0,0,0.18753,0.0898,9.15,260,508,699,935,1066,1252,1217,1500,1661,1870
331,0,0,0.18727,0.08941,9.18,260,508,699,935,1066,1252,1216,1500,1661,1870
332,0,0,0.187,0.08903,9.2,260,508,699,936,1066,1252,1216,1500,1660,1869
333,0,0,0.18674,0.08863,9.22,261,508,699,936,1066,1252,1215,1500,1660,1869
334,0,0,0.18648,0.08823,9.25,261,509,699,936,1066,1252,1214,1500,1660,1869
335,0,0,0.18621,0.08783,9.28,261,509,699,937,1066,1252,1214,1500,1660,1869
336,0,0,0.18594,0.08744,9.31,261,509,699,937,1066,1252,1213,1500,1660,1868
337,0,0,0.18568,0.08705,9.33,262,509,699,937,1066,1252,1212,1500,1660,1868
338,0,0,0.18541,0.08665,9.36,262,509,699,937,1066,1252,1212,1500,1660,1868
339,0,0,0.18514,0.08625,9.38,262,510,699,938,1066,1252,1211,1500,1659,1868
340,0,0,0.18487,0.08585,9.4,262,510,699,938,1066,1252,1210,1500,1659,1867
341,0,0,0.1846,0.08546,9.43,263,510,699,938,1066,1252,1210,1500,1659,1867
342,0,0,0.18432,0.08506,9.45,263,510,699,938,1066,1252,1209,1500,1659,1867
343,0,0,0.18405,0.08466,9.47,263,510,699,939,1066,1252,1208,1500,1659,1867
344,0,0,0.18377,0.08427,9.49,263,511,699,939,1066,1252,1208,1500,1659,1867
345,0,0,0.1835,0.08388,9.52,264,511,699,939,1066,1252,1207,1500,1659,1866
346,0,0,0.18322,0.08349,9.54,264,511,699,939,1066,1252,1206,1500,1659,1866
347,0,0,0.18294,0.08311,9.57,264,511,699,940,1066,1252,1206,1500,1658,1866
348,0,0,0.18266,0.08273,9.6,264,511,699,940,1066,1252,1205,1500,1658,1866
349,0,0,0.18238,0.08236,9.62,265,511,699,940,1066,1252,1204,1500,1658,1866
