epoch,train_r2,validation_r2,train_rmse,validation_rmse,time,band_1,band_2
0,0,0,0.19683,0.1937,3.0,1388,2774
1,0,0,0.18945,0.18619,3.01,1389,2775
2,0,0,0.18251,0.17912,3.02,1389,2775
3,0,0,0.17647,0.17295,3.04,1390,2774
4,0,0,0.17086,0.16722,3.06,1390,2774
5,0,0,0.16564,0.16188,3.07,1391,2774
6,0,0,0.16086,0.15698,3.09,1392,2773
7,0,0,0.15657,0.15258,3.1,1392,2773
8,0,0,0.15281,0.14872,3.12,1393,2772
9,0,0,0.14959,0.14542,3.13,1394,2772
10,0,0,0.14694,0.14269,3.15,1394,2771
11,0,0,0.14493,0.14061,3.17,1395,2771
12,0,0,0.14367,0.1393,3.18,1395,2770
13,0,0,0.14286,0.13844,3.2,1396,2769
14,0,0,0.14215,0.1377,3.22,1396,2769
15,0,0,0.14148,0.137,3.23,1397,2768
16,0,0,0.14085,0.13635,3.28,1397,2767
17,0,0,0.14029,0.13576,3.3,1397,2766
18,0,0,0.1398,0.13525,3.31,1398,2766
19,0,0,0.13939,0.13482,3.33,1398,2765
20,0,0,0.13906,0.13449,3.35,1398,2764
21,0,0,0.13882,0.13425,3.36,1398,2763
22,0.0013,0.00054,0.13866,0.13409,3.38,1398,2763
23,0.00294,0.00214,0.13854,0.13398,3.39,1399,2762
24,0.00427,0.00344,0.13845,0.13389,3.4,1399,2761
25,0.0056,0.00475,0.13836,0.1338,3.42,1399,2760
26,0.007,0.00613,0.13826,0.13371,3.43,1399,2760
27,0.00853,0.00765,0.13815,0.13361,3.45,1399,2759
28,0.01021,0.00931,0.13804,0.1335,3.53,1399,2758
29,0.01205,0.01114,0.13791,0.13337,3.55,1399,2757
30,0.01405,0.01313,0.13777,0.13324,3.57,1399,2757
31,0.01618,0.01526,0.13762,0.1331,3.6,1399,2756
32,0.01842,0.01748,0.13746,0.13294,3.62,1399,2755
33,0.02072,0.01976,0.1373,0.13279,3.64,1399,2754
34,0.02307,0.02208,0.13714,0.13263,3.66,1399,2753
35,0.02544,0.02442,0.13697,0.13247,3.68,1399,2752
36,0.02782,0.02674,0.1368,0.13232,3.7,1399,2752
37,0.0302,0.02906,0.13663,0.13216,3.72,1399,2751
38,0.0326,0.0314,0.13647,0.132,3.74,1398,2750
39,0.03502,0.03376,0.1363,0.13184,3.77,1398,2749
40,0.03747,0.03617,0.13612,0.13167,3.79,1398,2748
41,0.03997,0.03862,0.13595,0.13151,3.81,1398,2747
42,0.04253,0.04113,0.13576,0.13134,3.83,1398,2746
43,0.04514,0.04368,0.13558,0.13116,3.84,1398,2745
44,0.04781,0.04628,0.13539,0.13098,3.87,1398,2744
45,0.05053,0.04895,0.1352,0.1308,3.89,1398,2743
46,0.05325,0.05164,0.135,0.13061,3.9,1398,2741
47,0.05597,0.05434,0.13481,0.13043,3.92,1398,2740
48,0.05867,0.05703,0.13461,0.13024,3.94,1398,2739
49,0.06135,0.05969,0.13442,0.13006,3.96,1398,2738
50,0.06398,0.06226,0.13423,0.12988,3.98,1398,2736
51,0.06653,0.06475,0.13405,0.12971,4.0,1398,2735
52,0.06902,0.06717,0.13387,0.12954,4.01,1398,2733
53,0.07144,0.0695,0.1337,0.12938,4.03,1398,2732
54,0.07378,0.07176,0.13353,0.12922,4.05,1398,2731
55,0.07605,0.07395,0.13337,0.12907,4.07,1398,2729
56,0.07823,0.07605,0.13321,0.12892,4.09,1398,2728
57,0.08034,0.07809,0.13306,0.12878,4.1,1398,2726
58,0.08237,0.08004,0.13291,0.12864,4.12,1398,2725
59,0.08433,0.08189,0.13277,0.12851,4.14,1398,2723
60,0.08622,0.08369,0.13263,0.12839,4.16,1398,2722
61,0.08802,0.08541,0.1325,0.12827,4.18,1398,2720
62,0.08975,0.08706,0.13237,0.12815,4.19,1398,2719
63,0.09143,0.08865,0.13225,0.12804,4.21,1398,2717
64,0.09305,0.09019,0.13213,0.12793,4.23,1398,2716
65,0.09462,0.09167,0.13202,0.12783,4.24,1398,2714
66,0.09615,0.0931,0.13191,0.12773,4.26,1398,2713
67,0.09765,0.09448,0.1318,0.12763,4.27,1398,2712
68,0.09913,0.09583,0.13169,0.12753,4.29,1398,2710
69,0.10058,0.09715,0.13158,0.12744,4.3,1398,2709
70,0.10201,0.09844,0.13148,0.12735,4.32,1398,2708
71,0.10343,0.0997,0.13138,0.12726,4.34,1398,2707
72,0.10484,0.10096,0.13127,0.12717,4.36,1398,2705
73,0.10623,0.10222,0.13117,0.12708,4.37,1398,2704
74,0.10761,0.10346,0.13107,0.12699,4.39,1398,2703
75,0.10898,0.10469,0.13097,0.12691,4.41,1398,2702
76,0.11033,0.10589,0.13087,0.12682,4.43,1398,2701
77,0.11166,0.10708,0.13077,0.12674,4.44,1398,2699
78,0.11297,0.10826,0.13067,0.12665,4.46,1398,2698
79,0.11427,0.10943,0.13058,0.12657,4.48,1398,2697
80,0.11553,0.11057,0.13049,0.12649,4.5,1398,2696
81,0.11677,0.11166,0.13039,0.12641,4.52,1398,2694
82,0.11799,0.11274,0.1303,0.12634,4.54,1398,2693
83,0.11917,0.11377,0.13022,0.12626,4.55,1398,2692
84,0.12031,0.11476,0.13013,0.12619,4.57,1398,2690
85,0.12142,0.11572,0.13005,0.12612,4.59,1398,2689
86,0.1225,0.11663,0.12997,0.12606,4.61,1398,2687
87,0.12355,0.11751,0.12989,0.126,4.62,1398,2686
88,0.12456,0.11835,0.12982,0.12594,4.64,1398,2684
89,0.12554,0.11917,0.12974,0.12588,4.66,1398,2682
90,0.1265,0.11997,0.12967,0.12582,4.68,1398,2681
91,0.12743,0.12073,0.1296,0.12577,4.69,1398,2679
92,0.12835,0.12148,0.12954,0.12571,4.71,1398,2677
93,0.12924,0.12223,0.12947,0.12566,4.73,1398,2675
94,0.13011,0.12296,0.12941,0.12561,4.74,1398,2673
95,0.13097,0.12368,0.12934,0.12555,4.76,1398,2671
96,0.1318,0.12436,0.12928,0.12551,4.78,1398,2669
97,0.13261,0.12503,0.12922,0.12546,4.79,1398,2667
98,0.13339,0.12565,0.12916,0.12541,4.81,1398,2665
99,0.13412,0.12623,0.12911,0.12537,4.83,1398,2663
100,0.13482,0.12677,0.12906,0.12533,4.85,1398,2661
101,0.13547,0.12727,0.12901,0.1253,4.87,1398,2659
102,0.13609,0.12772,0.12896,0.12526,4.89,1398,2657
103,0.13666,0.12814,0.12892,0.12523,4.91,1398,2656
104,0.13721,0.12852,0.12888,0.12521,4.93,1398,2654
105,0.13773,0.12888,0.12884,0.12518,4.95,1398,2653
106,0.13825,0.12922,0.1288,0.12516,4.97,1398,2652
107,0.13876,0.12957,0.12876,0.12513,4.99,1398,2651
108,0.13926,0.1299,0.12872,0.12511,5.01,1398,2651
109,0.13975,0.13023,0.12869,0.12508,5.02,1398,2651
110,0.14025,0.13055,0.12865,0.12506,5.04,1398,2650
111,0.14074,0.13086,0.12861,0.12504,5.06,1398,2651
112,0.14122,0.13117,0.12858,0.12502,5.08,1398,2651
113,0.1417,0.1315,0.12854,0.12499,5.1,1398,2651
114,0.14217,0.13182,0.12851,0.12497,5.12,1398,2652
115,0.14264,0.13213,0.12847,0.12495,5.14,1398,2652
116,0.14309,0.13243,0.12844,0.12493,5.16,1398,2653
117,0.14355,0.13273,0.1284,0.1249,5.18,1398,2653
118,0.14399,0.13302,0.12837,0.12488,5.2,1398,2654
119,0.14441,0.13328,0.12834,0.12486,5.22,1398,2655
120,0.14482,0.13354,0.12831,0.12485,5.24,1398,2656
121,0.14522,0.13378,0.12828,0.12483,5.26,1398,2656
122,0.14561,0.134,0.12825,0.12481,5.27,1398,2657
123,0.14599,0.13421,0.12822,0.1248,5.29,1398,2658
124,0.14636,0.13442,0.12819,0.12478,5.3,1398,2658
125,0.14672,0.13462,0.12816,0.12477,5.32,1398,2659
126,0.14707,0.13483,0.12814,0.12475,5.34,1398,2659
127,0.14742,0.13506,0.12811,0.12474,5.36,1398,2659
128,0.14776,0.13529,0.12809,0.12472,5.37,1398,2659
129,0.14811,0.13552,0.12806,0.1247,5.39,1398,2659
130,0.14844,0.13574,0.12803,0.12469,5.41,1398,2659
131,0.14877,0.13596,0.12801,0.12467,5.42,1398,2659
132,0.1491,0.13617,0.12799,0.12466,5.44,1398,2659
133,0.14942,0.13637,0.12796,0.12464,5.46,1398,2658
134,0.14974,0.13657,0.12794,0.12463,5.47,1398,2658
135,0.15005,0.13676,0.12791,0.12461,5.49,1398,2658
136,0.15036,0.13694,0.12789,0.1246,5.5,1398,2657
137,0.15065,0.13712,0.12787,0.12459,5.52,1398,2657
138,0.15094,0.13729,0.12785,0.12458,5.54,1398,2657
139,0.15123,0.13747,0.12783,0.12456,5.56,1398,2657
140,0.1515,0.13764,0.1278,0.12455,5.57,1398,2656
141,0.15177,0.1378,0.12778,0.12454,5.59,1398,2656
142,0.15204,0.13794,0.12776,0.12453,5.61,1398,2656
143,0.1523,0.1381,0.12774,0.12452,5.63,1398,2656
144,0.15255,0.13825,0.12773,0.12451,5.64,1398,2656
145,0.15281,0.13839,0.12771,0.1245,5.66,1398,2656
146,0.15305,0.13853,0.12769,0.12449,5.67,1398,2656
147,0.15329,0.13866,0.12767,0.12448,5.69,1398,2656
148,0.15353,0.13879,0.12765,0.12447,5.7,1398,2656
149,0.15377,0.13892,0.12763,0.12446,5.72,1398,2656
150,0.154,0.13905,0.12762,0.12445,5.73,1398,2657
151,0.15422,0.13916,0.1276,0.12444,5.75,1398,2657
152,0.15444,0.13928,0.12758,0.12443,5.77,1398,2657
153,0.15466,0.1394,0.12757,0.12442,5.78,1398,2657
154,0.15487,0.13951,0.12755,0.12441,5.8,1398,2657
155,0.15507,0.13962,0.12754,0.12441,5.82,1398,2657
156,0.15527,0.13971,0.12752,0.1244,5.83,1398,2657
157,0.15547,0.1398,0.12751,0.12439,5.85,1398,2658
158,0.15566,0.13987,0.12749,0.12439,5.87,1398,2658
159,0.15585,0.13995,0.12748,0.12438,5.89,1398,2658
160,0.15604,0.14002,0.12746,0.12438,5.91,1398,2658
161,0.15622,0.14009,0.12745,0.12437,5.93,1398,2658
162,0.1564,0.14016,0.12744,0.12437,5.95,1398,2658
163,0.15657,0.14023,0.12742,0.12436,5.97,1398,2658
164,0.15675,0.1403,0.12741,0.12436,5.99,1398,2658
165,0.15691,0.14036,0.1274,0.12435,6.1,1398,2657
166,0.15708,0.14043,0.12738,0.12435,6.12,1398,2657
167,0.15724,0.14051,0.12737,0.12434,6.14,1398,2657
168,0.1574,0.14058,0.12736,0.12434,6.15,1398,2657
169,0.15756,0.14065,0.12735,0.12433,6.17,1398,2657
170,0.15771,0.14071,0.12734,0.12433,6.19,1398,2657
171,0.15786,0.14076,0.12733,0.12432,6.21,1398,2657
172,0.158,0.14081,0.12731,0.12432,6.22,1398,2657
173,0.15815,0.14086,0.1273,0.12432,6.24,1398,2657
174,0.15829,0.1409,0.12729,0.12431,6.25,1398,2657
175,0.15842,0.14094,0.12728,0.12431,6.27,1398,2657
176,0.15855,0.14097,0.12727,0.12431,6.29,1398,2657
177,0.15868,0.141,0.12726,0.12431,6.31,1398,2657
178,0.15881,0.14103,0.12725,0.12431,6.32,1398,2657
179,0.15893,0.14105,0.12724,0.1243,6.34,1398,2657
180,0.15905,0.14108,0.12723,0.1243,6.36,1398,2657
181,0.15917,0.1411,0.12723,0.1243,6.38,1398,2657
182,0.15929,0.14113,0.12722,0.1243,6.4,1398,2657
183,0.1594,0.14115,0.12721,0.1243,6.42,1398,2657
184,0.15951,0.14118,0.1272,0.12429,6.43,1398,2657
185,0.15962,0.14121,0.12719,0.12429,6.45,1398,2657
186,0.15973,0.14124,0.12718,0.12429,6.47,1398,2657
187,0.15983,0.14127,0.12718,0.12429,6.48,1398,2657
188,0.15993,0.14129,0.12717,0.12429,6.5,1398,2657
189,0.16003,0.14131,0.12716,0.12428,6.51,1398,2657
190,0.16013,0.14133,0.12715,0.12428,6.53,1398,2657
191,0.16023,0.14134,0.12715,0.12428,6.54,1398,2657
192,0.16032,0.14135,0.12714,0.12428,6.56,1398,2657
193,0.16042,0.14136,0.12713,0.12428,6.58,1398,2657
194,0.16051,0.14136,0.12712,0.12428,6.6,1398,2657
195,0.1606,0.14136,0.12712,0.12428,6.62,1398,2657
196,0.16069,0.14137,0.12711,0.12428,6.63,1398,2657
197,0.16077,0.14137,0.1271,0.12428,6.65,1398,2657
198,0.16086,0.14137,0.1271,0.12428,6.66,1398,2657
199,0.16094,0.14137,0.12709,0.12428,6.68,1398,2657
200,0.16102,0.14137,0.12709,0.12428,6.7,1398,2657
201,0.1611,0.14137,0.12708,0.12428,6.71,1398,2657
202,0.16118,0.14137,0.12707,0.12428,6.73,1398,2657
203,0.16125,0.14138,0.12707,0.12428,6.74,1398,2657
204,0.16133,0.14139,0.12706,0.12428,6.76,1398,2657
205,0.1614,0.14139,0.12706,0.12428,6.78,1398,2657
206,0.16147,0.14139,0.12705,0.12428,6.79,1398,2657
207,0.16154,0.14139,0.12705,0.12428,6.81,1398,2657
208,0.16161,0.14139,0.12704,0.12428,6.82,1398,2657
209,0.16167,0.14138,0.12704,0.12428,6.84,1398,2657
210,0.16174,0.14138,0.12703,0.12428,6.86,1398,2657
211,0.1618,0.14137,0.12703,0.12428,6.87,1398,2657
212,0.16186,0.14136,0.12702,0.12428,6.89,1398,2657
213,0.16192,0.14135,0.12702,0.12428,6.91,1398,2657
214,0.16198,0.14134,0.12701,0.12428,6.92,1398,2657
215,0.16204,0.14133,0.12701,0.12428,6.94,1398,2657
216,0.1621,0.14132,0.127,0.12428,6.96,1398,2657
217,0.16215,0.14131,0.127,0.12429,6.98,1398,2657
218,0.1622,0.14129,0.127,0.12429,7.0,1398,2657
219,0.16225,0.14128,0.12699,0.12429,7.01,1398,2657
220,0.16231,0.14127,0.12699,0.12429,7.03,1398,2657
221,0.16236,0.14126,0.12698,0.12429,7.05,1398,2657
222,0.1624,0.14125,0.12698,0.12429,7.07,1398,2657
223,0.16245,0.14125,0.12698,0.12429,7.09,1398,2657
224,0.1625,0.14124,0.12697,0.12429,7.11,1398,2657
225,0.16254,0.14123,0.12697,0.12429,7.13,1398,2657
226,0.16259,0.14122,0.12697,0.12429,7.15,1398,2657
227,0.16263,0.1412,0.12696,0.12429,7.17,1398,2657
228,0.16268,0.14119,0.12696,0.12429,7.19,1398,2657
229,0.16272,0.14117,0.12696,0.1243,7.2,1398,2657
230,0.16276,0.14115,0.12695,0.1243,7.22,1398,2657
231,0.1628,0.14113,0.12695,0.1243,7.24,1398,2657
232,0.16284,0.14111,0.12695,0.1243,7.26,1398,2657
233,0.16288,0.1411,0.12695,0.1243,7.28,1398,2657
234,0.16291,0.14108,0.12694,0.1243,7.29,1398,2657
235,0.16295,0.14106,0.12694,0.1243,7.31,1398,2657
236,0.16298,0.14104,0.12694,0.1243,7.33,1398,2657
237,0.16302,0.14102,0.12693,0.12431,7.35,1398,2657
238,0.16306,0.141,0.12693,0.12431,7.36,1398,2657
239,0.16309,0.14098,0.12693,0.12431,7.38,1398,2657
240,0.16312,0.14096,0.12693,0.12431,7.39,1398,2657
241,0.16316,0.14094,0.12692,0.12431,7.41,1398,2657
242,0.16319,0.14092,0.12692,0.12431,7.43,1398,2657
243,0.16322,0.1409,0.12692,0.12431,7.44,1398,2657
244,0.16325,0.14087,0.12692,0.12432,7.46,1398,2657
245,0.16328,0.14085,0.12691,0.12432,7.48,1398,2657
246,0.16331,0.14082,0.12691,0.12432,7.5,1398,2657
247,0.16334,0.1408,0.12691,0.12432,7.52,1398,2657
248,0.16337,0.14077,0.12691,0.12432,7.53,1398,2657
249,0.1634,0.14075,0.12691,0.12433,7.55,1398,2657
250,0.16342,0.14072,0.1269,0.12433,7.57,1398,2657
251,0.16345,0.14069,0.1269,0.12433,7.59,1398,2657
252,0.16348,0.14067,0.1269,0.12433,7.6,1398,2657
253,0.1635,0.14065,0.1269,0.12433,7.62,1398,2657
254,0.16353,0.14062,0.1269,0.12433,7.64,1398,2657
255,0.16355,0.1406,0.12689,0.12434,7.65,1398,2657
256,0.16358,0.14058,0.12689,0.12434,7.67,1398,2657
257,0.1636,0.14055,0.12689,0.12434,7.69,1398,2657
258,0.16363,0.14053,0.12689,0.12434,7.71,1398,2657
259,0.16365,0.1405,0.12689,0.12434,7.72,1398,2657
260,0.16367,0.14047,0.12688,0.12435,7.74,1398,2657
261,0.16369,0.14044,0.12688,0.12435,7.76,1398,2657
262,0.16371,0.14041,0.12688,0.12435,7.78,1398,2657
263,0.16373,0.14038,0.12688,0.12435,7.8,1398,2657
264,0.16375,0.14035,0.12688,0.12435,7.81,1398,2657
265,0.16377,0.14032,0.12688,0.12436,7.83,1398,2657
266,0.16379,0.14029,0.12688,0.12436,7.84,1398,2657
267,0.16381,0.14027,0.12687,0.12436,7.86,1398,2657
268,0.16383,0.14024,0.12687,0.12436,7.88,1398,2657
269,0.16385,0.14022,0.12687,0.12436,7.89,1398,2657
270,0.16386,0.14019,0.12687,0.12437,7.91,1398,2657
271,0.16388,0.14017,0.12687,0.12437,7.92,1398,2657
272,0.1639,0.14015,0.12687,0.12437,7.94,1398,2657
273,0.16392,0.14013,0.12687,0.12437,7.96,1398,2657
274,0.16393,0.1401,0.12687,0.12437,7.97,1398,2657
275,0.16395,0.14007,0.12686,0.12437,7.99,1397,2657
276,0.16396,0.14005,0.12686,0.12438,8.01,1397,2657
277,0.16398,0.14002,0.12686,0.12438,8.03,1397,2657
278,0.16399,0.13999,0.12686,0.12438,8.05,1397,2657
279,0.16401,0.13997,0.12686,0.12438,8.07,1397,2657
280,0.16403,0.13995,0.12686,0.12438,8.09,1397,2657
281,0.16404,0.13993,0.12686,0.12439,8.11,1397,2657
282,0.16406,0.13991,0.12686,0.12439,8.13,1396,2657
283,0.16408,0.13989,0.12685,0.12439,8.15,1396,2657
284,0.1641,0.13988,0.12685,0.12439,8.16,1395,2657
285,0.16412,0.13987,0.12685,0.12439,8.18,1395,2657
286,0.16414,0.13986,0.12685,0.12439,8.2,1395,2657
287,0.16417,0.13985,0.12685,0.12439,8.22,1394,2657
288,0.16419,0.13984,0.12685,0.12439,8.24,1393,2657
289,0.16421,0.13983,0.12684,0.12439,8.26,1393,2657
290,0.16424,0.13983,0.12684,0.12439,8.28,1392,2657
291,0.16427,0.13983,0.12684,0.12439,8.29,1391,2657
292,0.1643,0.13983,0.12684,0.12439,8.31,1390,2657
293,0.16432,0.13983,0.12684,0.12439,8.33,1390,2657
294,0.16436,0.13983,0.12683,0.12439,8.34,1389,2657
295,0.16439,0.13984,0.12683,0.12439,8.36,1388,2657
296,0.16442,0.13985,0.12683,0.12439,8.37,1387,2657
297,0.16446,0.13986,0.12683,0.12439,8.39,1386,2657
298,0.16449,0.13988,0.12682,0.12439,8.4,1385,2657
299,0.16453,0.1399,0.12682,0.12439,8.42,1384,2657
300,0.16457,0.13992,0.12682,0.12439,8.44,1383,2657
301,0.16461,0.13995,0.12681,0.12438,8.46,1382,2657
302,0.16465,0.13998,0.12681,0.12438,8.47,1380,2657
303,0.16469,0.14,0.12681,0.12438,8.49,1379,2657
304,0.16474,0.14002,0.1268,0.12438,8.5,1378,2657
305,0.16478,0.14004,0.1268,0.12438,8.52,1377,2657
306,0.16482,0.14006,0.1268,0.12438,8.54,1376,2657
307,0.16486,0.14007,0.12679,0.12437,8.57,1375,2657
308,0.16491,0.14008,0.12679,0.12437,8.58,1373,2657
309,0.16495,0.14009,0.12679,0.12437,8.6,1372,2657
310,0.165,0.14011,0.12678,0.12437,8.62,1371,2657
311,0.16504,0.14012,0.12678,0.12437,8.64,1369,2657
312,0.16509,0.14014,0.12678,0.12437,8.66,1368,2657
313,0.16514,0.14016,0.12677,0.12437,8.68,1367,2657
314,0.16519,0.14018,0.12677,0.12437,8.7,1366,2657
315,0.16524,0.14021,0.12677,0.12436,8.72,1364,2657
316,0.16529,0.14023,0.12676,0.12436,8.73,1363,2657
317,0.16533,0.14025,0.12676,0.12436,8.75,1362,2657
318,0.16539,0.14028,0.12675,0.12436,8.76,1360,2657
319,0.16544,0.1403,0.12675,0.12436,8.78,1359,2657
320,0.16548,0.14032,0.12675,0.12436,8.8,1357,2657
321,0.16554,0.14034,0.12674,0.12436,8.82,1356,2657
322,0.16559,0.14037,0.12674,0.12435,8.83,1355,2657
323,0.16564,0.14039,0.12674,0.12435,8.85,1353,2657
324,0.16569,0.14041,0.12673,0.12435,8.87,1352,2657
325,0.16575,0.14043,0.12673,0.12435,8.88,1350,2657
326,0.1658,0.14047,0.12672,0.12435,8.9,1349,2657
327,0.16586,0.14049,0.12672,0.12434,8.92,1348,2657
328,0.16591,0.14053,0.12671,0.12434,8.94,1346,2657
329,0.16597,0.14057,0.12671,0.12434,8.96,1345,2657
330,0.16603,0.1406,0.12671,0.12434,8.97,1343,2657
331,0.16608,0.14064,0.1267,0.12433,8.99,1342,2657
332,0.16614,0.14068,0.1267,0.12433,9.0,1340,2657
333,0.1662,0.14072,0.12669,0.12433,9.02,1339,2657
334,0.16626,0.14077,0.12669,0.12432,9.04,1337,2657
335,0.16632,0.14081,0.12668,0.12432,9.05,1336,2657
336,0.16638,0.14084,0.12668,0.12432,9.07,1334,2657
337,0.16644,0.14089,0.12667,0.12432,9.09,1333,2657
338,0.1665,0.14092,0.12667,0.12431,9.1,1331,2657
339,0.16657,0.14096,0.12667,0.12431,9.12,1330,2657
340,0.16663,0.141,0.12666,0.12431,9.14,1328,2657
341,0.16669,0.14104,0.12666,0.1243,9.16,1327,2657
342,0.16675,0.14108,0.12665,0.1243,9.18,1325,2657
343,0.16682,0.14112,0.12665,0.1243,9.21,1324,2657
344,0.16688,0.14117,0.12664,0.1243,9.22,1322,2657
345,0.16695,0.14122,0.12664,0.12429,9.24,1321,2657
346,0.16701,0.14126,0.12663,0.12429,9.26,1319,2657
347,0.16708,0.1413,0.12663,0.12429,9.28,1318,2657
348,0.16714,0.14135,0.12662,0.12428,9.29,1316,2657
349,0.16721,0.14139,0.12662,0.12428,9.31,1315,2657
350,0.16727,0.14143,0.12661,0.12428,9.33,1313,2657
351,0.16734,0.14147,0.12661,0.12427,9.35,1312,2657
352,0.16741,0.14151,0.1266,0.12427,9.37,1310,2657
353,0.16748,0.14156,0.1266,0.12427,9.38,1308,2657
354,0.16754,0.1416,0.12659,0.12426,9.4,1307,2657
355,0.16761,0.14164,0.12659,0.12426,9.41,1305,2657
356,0.16768,0.14169,0.12658,0.12426,9.43,1304,2657
357,0.16775,0.14174,0.12658,0.12425,9.45,1302,2657
358,0.16782,0.14179,0.12657,0.12425,9.46,1301,2657
359,0.16789,0.14185,0.12656,0.12425,9.48,1299,2657
360,0.16796,0.1419,0.12656,0.12424,9.5,1298,2657
361,0.16803,0.14196,0.12655,0.12424,9.52,1296,2657
362,0.1681,0.14201,0.12655,0.12423,9.53,1295,2657
363,0.16818,0.14207,0.12654,0.12423,9.55,1293,2657
364,0.16825,0.14213,0.12654,0.12423,9.57,1291,2657
365,0.16833,0.14219,0.12653,0.12422,9.59,1290,2657
366,0.1684,0.14224,0.12653,0.12422,9.61,1288,2657
367,0.16848,0.1423,0.12652,0.12421,9.63,1287,2657
368,0.16855,0.14235,0.12651,0.12421,9.64,1285,2657
369,0.16863,0.14241,0.12651,0.12421,9.66,1284,2657
370,0.16871,0.14246,0.1265,0.1242,9.68,1282,2657
371,0.16879,0.14252,0.1265,0.1242,9.69,1280,2657
372,0.16887,0.14257,0.12649,0.12419,9.71,1279,2657
373,0.16895,0.14263,0.12648,0.12419,9.72,1277,2657
374,0.16903,0.14269,0.12648,0.12419,9.74,1276,2657
375,0.16911,0.14275,0.12647,0.12418,9.76,1274,2657
376,0.16919,0.14282,0.12647,0.12418,9.78,1272,2657
377,0.16928,0.14289,0.12646,0.12417,9.8,1271,2657
378,0.16936,0.14295,0.12645,0.12417,9.81,1269,2657
379,0.16944,0.14301,0.12645,0.12416,9.83,1268,2657
380,0.16953,0.14309,0.12644,0.12416,9.84,1266,2657
381,0.16961,0.14315,0.12643,0.12415,9.86,1264,2657
382,0.1697,0.14322,0.12643,0.12415,9.88,1263,2657
383,0.16979,0.14329,0.12642,0.12414,9.9,1261,2657
384,0.16987,0.14336,0.12641,0.12414,9.92,1259,2657
385,0.16996,0.14343,0.12641,0.12413,9.94,1258,2657
386,0.17005,0.1435,0.1264,0.12413,9.95,1256,2657
387,0.17014,0.14358,0.12639,0.12412,9.97,1255,2657
388,0.17023,0.14366,0.12639,0.12411,9.99,1253,2657
389,0.17032,0.14374,0.12638,0.12411,10.01,1251,2657
390,0.17041,0.14382,0.12637,0.1241,10.03,1250,2657
391,0.17051,0.1439,0.12637,0.1241,10.04,1248,2657
392,0.1706,0.14398,0.12636,0.12409,10.06,1246,2657
393,0.17069,0.14407,0.12635,0.12409,10.08,1245,2657
394,0.17078,0.14415,0.12634,0.12408,10.1,1243,2657
395,0.17088,0.14422,0.12634,0.12407,10.12,1242,2657
396,0.17097,0.1443,0.12633,0.12407,10.14,1240,2657
397,0.17107,0.14438,0.12632,0.12406,10.16,1238,2657
398,0.17117,0.14445,0.12631,0.12406,10.18,1237,2657
399,0.17127,0.14453,0.12631,0.12405,10.19,1235,2657
400,0.17137,0.14461,0.1263,0.12405,10.21,1233,2657
401,0.17147,0.14469,0.12629,0.12404,10.23,1232,2657
402,0.17157,0.14477,0.12628,0.12403,10.25,1230,2657
403,0.17167,0.14486,0.12628,0.12403,10.27,1228,2657
404,0.17177,0.14494,0.12627,0.12402,10.28,1227,2657
405,0.17187,0.14504,0.12626,0.12402,10.3,1225,2657
406,0.17197,0.14513,0.12625,0.12401,10.32,1224,2657
407,0.17208,0.14522,0.12625,0.124,10.34,1222,2657
408,0.17218,0.14531,0.12624,0.124,10.35,1220,2657
409,0.17228,0.1454,0.12623,0.12399,10.37,1219,2657
410,0.17239,0.14549,0.12622,0.12398,10.39,1217,2657
411,0.1725,0.14559,0.12621,0.12398,10.41,1215,2657
412,0.1726,0.14567,0.12621,0.12397,10.43,1214,2657
413,0.17271,0.14577,0.1262,0.12396,10.45,1212,2657
414,0.17282,0.14586,0.12619,0.12396,10.46,1210,2657
415,0.17293,0.14595,0.12618,0.12395,10.48,1209,2657
416,0.17303,0.14603,0.12617,0.12394,10.5,1207,2657
417,0.17314,0.14613,0.12616,0.12394,10.52,1205,2657
418,0.17326,0.14622,0.12616,0.12393,10.53,1204,2657
419,0.17336,0.14632,0.12615,0.12392,10.55,1202,2657
420,0.17348,0.14642,0.12614,0.12391,10.57,1201,2657
421,0.17359,0.14652,0.12613,0.12391,10.59,1199,2657
422,0.1737,0.14664,0.12612,0.1239,10.61,1197,2657
423,0.17382,0.14673,0.12611,0.12389,10.63,1196,2657
424,0.17393,0.14683,0.1261,0.12389,10.65,1194,2657
425,0.17404,0.14691,0.1261,0.12388,10.67,1192,2657
426,0.17416,0.147,0.12609,0.12387,10.68,1191,2657
427,0.17427,0.14708,0.12608,0.12387,10.7,1189,2657
428,0.17438,0.14717,0.12607,0.12386,10.72,1188,2657
429,0.17449,0.14727,0.12606,0.12385,10.74,1186,2657
430,0.17461,0.14738,0.12605,0.12384,10.75,1184,2657
431,0.17472,0.14749,0.12604,0.12384,10.77,1183,2657
432,0.17484,0.14761,0.12603,0.12383,10.78,1181,2657
433,0.17496,0.14771,0.12603,0.12382,10.8,1180,2657
434,0.17507,0.14782,0.12602,0.12381,10.82,1178,2657
435,0.17519,0.14791,0.12601,0.12381,10.83,1177,2657
436,0.1753,0.148,0.126,0.1238,10.85,1175,2657
437,0.17542,0.1481,0.12599,0.12379,10.86,1173,2657
438,0.17554,0.14819,0.12598,0.12379,10.88,1172,2657
439,0.17565,0.14828,0.12597,0.12378,10.9,1170,2657
440,0.17577,0.14838,0.12596,0.12377,10.92,1169,2657
441,0.17589,0.14848,0.12595,0.12377,10.94,1167,2657
442,0.176,0.14859,0.12595,0.12376,10.95,1166,2657
443,0.17612,0.14869,0.12594,0.12375,10.97,1164,2657
444,0.17624,0.1488,0.12593,0.12374,10.99,1163,2657
445,0.17636,0.14891,0.12592,0.12373,11.01,1161,2657
446,0.17647,0.14901,0.12591,0.12373,11.02,1160,2657
447,0.17659,0.14911,0.1259,0.12372,11.04,1158,2657
448,0.17671,0.1492,0.12589,0.12371,11.06,1157,2657
449,0.17683,0.1493,0.12588,0.12371,11.08,1155,2657
450,0.17695,0.14939,0.12587,0.1237,11.1,1154,2657
451,0.17707,0.14948,0.12586,0.12369,11.11,1152,2657
452,0.17719,0.14958,0.12586,0.12368,11.13,1151,2657
453,0.17731,0.14968,0.12585,0.12368,11.15,1149,2657
454,0.17743,0.14978,0.12584,0.12367,11.17,1148,2657
455,0.17755,0.14988,0.12583,0.12366,11.19,1146,2657
456,0.17767,0.14999,0.12582,0.12366,11.21,1145,2657
457,0.1778,0.1501,0.12581,0.12365,11.23,1143,2657
458,0.17792,0.1502,0.1258,0.12364,11.24,1142,2657
459,0.17804,0.15032,0.12579,0.12363,11.26,1140,2657
460,0.17817,0.15044,0.12578,0.12362,11.28,1139,2657
461,0.17829,0.15056,0.12577,0.12361,11.3,1137,2657
462,0.17841,0.15067,0.12576,0.12361,11.32,1136,2657
463,0.17854,0.15079,0.12575,0.1236,11.34,1134,2657
464,0.17868,0.15091,0.12574,0.12359,11.36,1133,2657
465,0.17881,0.15101,0.12573,0.12358,11.38,1131,2657
466,0.17895,0.15112,0.12572,0.12357,11.39,1130,2657
467,0.17908,0.15125,0.12571,0.12356,11.41,1128,2657
468,0.17922,0.15137,0.1257,0.12355,11.43,1127,2657
469,0.17936,0.1515,0.12569,0.12355,11.45,1125,2657
470,0.17952,0.15166,0.12568,0.12353,11.47,1124,2657
471,0.17966,0.15179,0.12567,0.12352,11.49,1122,2657
472,0.17981,0.15192,0.12565,0.12351,11.5,1121,2657
473,0.17997,0.15205,0.12564,0.12351,11.52,1119,2657
474,0.18013,0.15218,0.12563,0.1235,11.54,1117,2657
475,0.18029,0.15231,0.12562,0.12349,11.56,1116,2657
476,0.18046,0.15246,0.12561,0.12348,11.58,1114,2657
477,0.18062,0.15261,0.12559,0.12346,11.6,1113,2657
478,0.18079,0.15277,0.12558,0.12345,11.62,1111,2657
479,0.18097,0.15293,0.12557,0.12344,11.63,1109,2657
480,0.18114,0.1531,0.12555,0.12343,11.65,1108,2657
481,0.18133,0.15327,0.12554,0.12342,11.67,1106,2657
482,0.18151,0.15342,0.12552,0.12341,11.68,1104,2657
483,0.1817,0.15358,0.12551,0.12339,11.7,1103,2657
484,0.18189,0.15373,0.1255,0.12338,11.72,1101,2657
485,0.1821,0.15388,0.12548,0.12337,11.73,1099,2657
486,0.1823,0.15401,0.12546,0.12336,11.75,1097,2657
487,0.18251,0.15411,0.12545,0.12336,11.77,1096,2657
488,0.18272,0.15424,0.12543,0.12335,11.78,1094,2657
489,0.18292,0.15442,0.12542,0.12333,11.8,1092,2657
490,0.18313,0.15463,0.1254,0.12332,11.82,1091,2657
491,0.18335,0.15485,0.12538,0.1233,11.84,1089,2657
492,0.18356,0.15509,0.12537,0.12328,11.85,1087,2657
493,0.18378,0.1553,0.12535,0.12327,11.87,1085,2657
494,0.18401,0.15547,0.12533,0.12326,11.89,1084,2657
495,0.18425,0.15563,0.12531,0.12324,11.9,1082,2657
496,0.18448,0.15577,0.1253,0.12323,11.92,1080,2657
497,0.18472,0.15593,0.12528,0.12322,11.93,1078,2657
498,0.18496,0.15614,0.12526,0.12321,11.95,1076,2657
499,0.1852,0.15636,0.12524,0.12319,11.97,1074,2657
500,0.18545,0.15657,0.12522,0.12318,11.98,1073,2657
501,0.1857,0.15678,0.1252,0.12316,12.0,1071,2657
502,0.18597,0.157,0.12518,0.12314,12.02,1069,2657
503,0.18623,0.15724,0.12516,0.12313,12.04,1067,2657
504,0.1865,0.15746,0.12514,0.12311,12.06,1065,2657
505,0.18678,0.1577,0.12512,0.12309,12.08,1063,2657
506,0.18706,0.15796,0.1251,0.12307,12.1,1062,2657
507,0.18734,0.15822,0.12508,0.12306,12.11,1060,2657
508,0.18764,0.15847,0.12505,0.12304,12.14,1058,2657
509,0.18794,0.15876,0.12503,0.12302,12.15,1056,2657
510,0.18824,0.15904,0.12501,0.123,12.17,1054,2657
511,0.18856,0.15933,0.12498,0.12297,12.19,1052,2657
512,0.18887,0.1596,0.12496,0.12295,12.21,1050,2657
513,0.1892,0.15982,0.12493,0.12294,12.22,1048,2657
514,0.18954,0.16008,0.12491,0.12292,12.24,1046,2657
515,0.18988,0.16033,0.12488,0.1229,12.26,1044,2657
516,0.19023,0.1606,0.12485,0.12288,12.28,1042,2657
517,0.19058,0.16088,0.12483,0.12286,12.29,1041,2657
518,0.19095,0.16116,0.1248,0.12284,12.31,1039,2657
519,0.19132,0.16143,0.12477,0.12282,12.33,1037,2657
520,0.1917,0.16172,0.12474,0.1228,12.35,1035,2657
521,0.19209,0.16202,0.12471,0.12278,12.36,1033,2657
522,0.19249,0.16235,0.12468,0.12275,12.38,1031,2657
523,0.1929,0.16269,0.12465,0.12273,12.39,1029,2657
524,0.19332,0.16304,0.12462,0.1227,12.41,1027,2657
525,0.19375,0.16338,0.12458,0.12268,12.43,1025,2657
526,0.19419,0.16371,0.12455,0.12265,12.44,1023,2657
527,0.19463,0.16403,0.12451,0.12263,12.46,1021,2657
528,0.19509,0.16443,0.12448,0.1226,12.47,1019,2657
529,0.19556,0.16483,0.12444,0.12257,12.49,1017,2657
530,0.19604,0.16524,0.12441,0.12254,12.51,1015,2657
531,0.19653,0.16563,0.12437,0.12251,12.53,1012,2657
532,0.19703,0.16603,0.12433,0.12248,12.54,1010,2657
533,0.19754,0.16646,0.12429,0.12245,12.56,1008,2657
534,0.19807,0.16689,0.12425,0.12242,12.58,1006,2657
535,0.19861,0.1673,0.12421,0.12239,12.59,1004,2657
536,0.19916,0.16772,0.12416,0.12236,12.61,1002,2657
537,0.19972,0.16814,0.12412,0.12233,12.63,1000,2657
538,0.2003,0.16859,0.12408,0.12229,12.65,998,2657
539,0.20088,0.16903,0.12403,0.12226,12.66,996,2657
540,0.20147,0.16949,0.12398,0.12223,12.68,993,2657
541,0.20208,0.16997,0.12394,0.12219,12.7,991,2657
542,0.2027,0.17047,0.12389,0.12216,12.71,989,2657
543,0.20334,0.17102,0.12384,0.12212,12.73,987,2657
544,0.20398,0.17155,0.12379,0.12208,12.75,985,2657
545,0.20463,0.1721,0.12374,0.12204,12.77,983,2657
546,0.2053,0.17266,0.12369,0.12199,12.79,980,2657
547,0.20598,0.17318,0.12363,0.12196,12.81,978,2657
548,0.20667,0.17371,0.12358,0.12192,12.83,976,2657
549,0.20738,0.17427,0.12352,0.12188,12.84,974,2657
550,0.20809,0.17483,0.12347,0.12184,12.86,972,2657
551,0.20882,0.17535,0.12341,0.1218,12.88,969,2657
552,0.20955,0.1759,0.12336,0.12176,12.9,967,2657
553,0.21031,0.17648,0.1233,0.12171,12.92,965,2657
554,0.21107,0.17709,0.12324,0.12167,12.93,963,2657
555,0.21185,0.17773,0.12318,0.12162,12.95,960,2657
556,0.21264,0.17833,0.12311,0.12158,12.96,958,2657
557,0.21344,0.17895,0.12305,0.12153,12.98,956,2657
558,0.21425,0.17969,0.12299,0.12148,13.0,954,2657
559,0.21508,0.18033,0.12292,0.12143,13.02,951,2657
560,0.21591,0.18099,0.12286,0.12138,13.04,949,2657
561,0.21674,0.18169,0.12279,0.12133,13.06,947,2657
562,0.2176,0.1824,0.12273,0.12127,13.08,945,2657
563,0.21846,0.18309,0.12266,0.12122,13.1,942,2657
564,0.21935,0.18382,0.12259,0.12117,13.12,940,2657
565,0.22024,0.18453,0.12252,0.12112,13.14,938,2657
566,0.22115,0.18525,0.12245,0.12106,13.16,936,2657
567,0.22207,0.186,0.12237,0.12101,13.18,933,2657
568,0.22295,0.18672,0.12231,0.12095,13.2,931,2657
569,0.22388,0.18746,0.12223,0.1209,13.22,929,2657
570,0.22481,0.18826,0.12216,0.12084,13.23,927,2657
571,0.22575,0.18906,0.12208,0.12078,13.25,924,2657
572,0.2267,0.18972,0.12201,0.12073,13.27,922,2657
573,0.22767,0.19053,0.12193,0.12067,13.29,920,2657
574,0.22864,0.19128,0.12186,0.12061,13.31,918,2657
575,0.22961,0.19198,0.12178,0.12056,13.33,915,2657
576,0.23059,0.19287,0.1217,0.1205,13.35,913,2657
577,0.23159,0.19373,0.12162,0.12043,13.37,911,2657
578,0.23259,0.19454,0.12154,0.12037,13.39,909,2657
579,0.23361,0.19535,0.12146,0.12031,13.41,907,2657
580,0.23462,0.19624,0.12138,0.12024,13.43,904,2657
581,0.23566,0.19713,0.1213,0.12018,13.44,902,2657
582,0.23669,0.198,0.12122,0.12011,13.46,900,2657
583,0.23773,0.19889,0.12114,0.12005,13.47,898,2657
584,0.23877,0.19984,0.12105,0.11997,13.49,896,2657
585,0.23982,0.20073,0.12097,0.11991,13.5,893,2657
586,0.24087,0.2016,0.12089,0.11984,13.52,891,2657
587,0.24193,0.20249,0.1208,0.11978,13.54,889,2657
588,0.243,0.20325,0.12072,0.11972,13.56,887,2657
589,0.24406,0.20411,0.12063,0.11965,13.58,885,2657
590,0.24513,0.20501,0.12055,0.11959,13.59,883,2657
591,0.24621,0.20572,0.12046,0.11953,13.61,880,2657
592,0.24729,0.20653,0.12037,0.11947,13.62,878,2657
593,0.24837,0.20744,0.12029,0.1194,13.64,876,2657
594,0.24945,0.20823,0.1202,0.11934,13.66,874,2657
595,0.25054,0.20904,0.12011,0.11928,13.68,872,2657
596,0.25162,0.21003,0.12003,0.11921,13.69,870,2657
597,0.25271,0.21086,0.11994,0.11915,13.71,868,2657
598,0.2538,0.2118,0.11985,0.11907,13.73,866,2657
599,0.25489,0.21291,0.11977,0.11899,13.75,864,2657
600,0.25598,0.21372,0.11968,0.11893,13.76,861,2657
601,0.25708,0.21489,0.11959,0.11884,13.78,859,2657
602,0.25817,0.21579,0.1195,0.11877,13.8,857,2657
603,0.25925,0.21669,0.11941,0.1187,13.82,855,2657
604,0.26034,0.21779,0.11933,0.11862,13.84,853,2657
605,0.26142,0.21845,0.11924,0.11857,13.86,851,2657
606,0.2625,0.21949,0.11915,0.11849,13.88,849,2657
607,0.26357,0.2202,0.11907,0.11844,13.9,847,2657
608,0.26463,0.22093,0.11898,0.11838,13.91,845,2657
609,0.26569,0.2218,0.11889,0.11832,13.93,843,2657
610,0.26674,0.22229,0.11881,0.11828,13.95,841,2657
611,0.26779,0.22321,0.11872,0.11821,13.97,839,2657
612,0.26882,0.22379,0.11864,0.11817,13.99,837,2657
613,0.26984,0.22476,0.11856,0.11809,14.0,835,2657
614,0.27086,0.22535,0.11847,0.11805,14.02,834,2657
615,0.27188,0.2263,0.11839,0.11797,14.04,832,2657
616,0.27288,0.22728,0.11831,0.1179,14.06,830,2657
617,0.27388,0.22799,0.11823,0.11784,14.07,828,2657
618,0.27486,0.2287,0.11815,0.11779,14.09,826,2657
619,0.27585,0.22987,0.11807,0.1177,14.11,824,2657
620,0.27684,0.23052,0.11799,0.11765,14.13,822,2657
621,0.27781,0.23147,0.11791,0.11758,14.15,821,2657
622,0.27877,0.23252,0.11783,0.1175,14.17,819,2657
623,0.27974,0.23306,0.11775,0.11746,14.19,817,2657
624,0.28071,0.23397,0.11767,0.11739,14.21,815,2656
625,0.28166,0.23493,0.11759,0.11731,14.22,813,2656
626,0.28261,0.23538,0.11752,0.11728,14.24,812,2656
627,0.28357,0.23624,0.11744,0.11721,14.26,810,2656
628,0.28451,0.23715,0.11736,0.11714,14.28,808,2656
629,0.28545,0.23761,0.11728,0.11711,14.29,806,2656
630,0.2864,0.2384,0.11721,0.11705,14.31,805,2656
631,0.28734,0.23938,0.11713,0.11697,14.32,803,2656
632,0.28829,0.23984,0.11705,0.11694,14.34,801,2656
633,0.28923,0.24062,0.11697,0.11688,14.36,800,2656
634,0.29016,0.24155,0.1169,0.11681,14.38,798,2656
635,0.29109,0.24211,0.11682,0.11676,14.4,796,2656
636,0.29203,0.24277,0.11674,0.11671,14.42,795,2656
637,0.29295,0.24366,0.11667,0.11664,14.44,793,2655
638,0.29389,0.24427,0.11659,0.1166,14.46,791,2655
639,0.29482,0.24474,0.11651,0.11656,14.47,790,2655
640,0.29575,0.24574,0.11643,0.11648,14.49,788,2655
641,0.29669,0.24643,0.11636,0.11643,14.51,787,2655
642,0.29762,0.24701,0.11628,0.11638,14.53,785,2655
643,0.29855,0.24789,0.1162,0.11632,14.55,783,2654
644,0.29948,0.24872,0.11613,0.11625,14.57,782,2654
645,0.30041,0.24931,0.11605,0.11621,14.58,780,2654
646,0.30134,0.24997,0.11597,0.11616,14.6,779,2654
647,0.30226,0.25085,0.1159,0.11609,14.61,777,2653
648,0.30318,0.25147,0.11582,0.11604,14.63,775,2653
649,0.30411,0.25206,0.11574,0.11599,14.65,774,2653
650,0.30503,0.25289,0.11567,0.11593,14.66,772,2653
651,0.30595,0.25353,0.11559,0.11588,14.68,771,2653
652,0.30687,0.25421,0.11551,0.11583,14.7,769,2652
653,0.3078,0.25497,0.11543,0.11577,14.71,768,2652
654,0.30872,0.25559,0.11536,0.11572,14.73,766,2652
655,0.30965,0.25631,0.11528,0.11566,14.74,765,2651
656,0.31058,0.25713,0.1152,0.1156,14.76,763,2651
657,0.3115,0.25782,0.11513,0.11555,14.78,762,2651
658,0.31244,0.2585,0.11505,0.11549,14.79,760,2650
659,0.31337,0.25928,0.11497,0.11543,14.81,759,2650
660,0.3143,0.25988,0.11489,0.11539,14.83,757,2649
661,0.31524,0.26055,0.11481,0.11533,14.85,756,2649
662,0.31616,0.26121,0.11474,0.11528,14.87,754,2649
663,0.31708,0.26184,0.11466,0.11523,14.89,753,2648
664,0.318,0.26259,0.11458,0.11517,14.91,751,2648
665,0.31892,0.26316,0.1145,0.11513,14.93,750,2647
666,0.31983,0.26378,0.11443,0.11508,14.95,748,2647
667,0.32074,0.26447,0.11435,0.11503,14.97,747,2646
668,0.32165,0.26519,0.11427,0.11497,14.98,745,2645
669,0.32255,0.26577,0.1142,0.11493,15.0,744,2645
670,0.32345,0.26628,0.11412,0.11489,15.01,743,2644
671,0.32434,0.26714,0.11405,0.11482,15.03,741,2643
672,0.32523,0.26754,0.11397,0.11479,15.04,740,2643
673,0.32611,0.26839,0.1139,0.11472,15.06,738,2642
674,0.32699,0.269,0.11382,0.11467,15.08,737,2641
675,0.32787,0.26976,0.11375,0.11461,15.1,736,2640
676,0.32875,0.27044,0.11367,0.11456,15.12,734,2639
677,0.32962,0.27125,0.1136,0.1145,15.13,733,2638
678,0.33052,0.27192,0.11352,0.11444,15.15,731,2637
679,0.33139,0.27262,0.11345,0.11439,15.17,730,2636
680,0.33227,0.27344,0.11338,0.11432,15.19,729,2635
681,0.33316,0.27416,0.1133,0.11427,15.21,727,2634
682,0.33404,0.27466,0.11323,0.11423,15.23,726,2633
683,0.33493,0.27563,0.11315,0.11415,15.25,725,2631
684,0.33583,0.27622,0.11307,0.1141,15.27,723,2630
685,0.33673,0.2768,0.113,0.11406,15.29,722,2629
686,0.33762,0.27769,0.11292,0.11399,15.3,721,2627
687,0.33852,0.27837,0.11284,0.11394,15.32,719,2626
688,0.3394,0.27875,0.11277,0.11391,15.33,718,2624
689,0.34029,0.27973,0.11269,0.11383,15.35,717,2623
690,0.34119,0.28036,0.11262,0.11378,15.37,715,2621
691,0.34207,0.28057,0.11254,0.11376,15.39,714,2620
692,0.34297,0.28199,0.11246,0.11365,15.41,713,2618
693,0.34388,0.28251,0.11239,0.11361,15.42,711,2616
694,0.34475,0.28267,0.11231,0.1136,15.44,710,2615
695,0.34564,0.28421,0.11224,0.11347,15.46,709,2613
696,0.34655,0.28462,0.11216,0.11344,15.48,707,2611
697,0.34743,0.2849,0.11208,0.11342,15.5,706,2609
698,0.34834,0.28643,0.112,0.1133,15.51,705,2608
699,0.34925,0.28681,0.11192,0.11327,15.53,704,2606
700,0.35014,0.28715,0.11185,0.11324,15.54,702,2604
701,0.35105,0.28836,0.11177,0.11314,15.56,701,2602
702,0.35196,0.28898,0.11169,0.11309,15.58,700,2600
703,0.35285,0.28913,0.11162,0.11308,15.6,699,2598
704,0.35377,0.29026,0.11154,0.11299,15.61,697,2596
705,0.35467,0.2908,0.11146,0.11295,15.63,696,2594
706,0.35557,0.29113,0.11138,0.11292,15.64,695,2592
707,0.35649,0.29215,0.1113,0.11284,15.66,694,2590
708,0.35739,0.29289,0.11122,0.11278,15.67,692,2588
709,0.35831,0.29339,0.11114,0.11274,15.69,691,2586
710,0.35923,0.29393,0.11106,0.1127,15.71,690,2584
711,0.36015,0.29493,0.11098,0.11262,15.73,689,2582
712,0.36108,0.29567,0.1109,0.11256,15.75,688,2580
713,0.36201,0.29611,0.11082,0.11253,15.77,686,2579
714,0.36293,0.29658,0.11074,0.11249,15.79,685,2577
715,0.36387,0.29777,0.11066,0.11239,15.81,684,2574
716,0.3648,0.29868,0.11058,0.11232,15.82,683,2572
717,0.36574,0.2988,0.1105,0.11231,15.84,682,2570
718,0.36669,0.2995,0.11042,0.11226,15.86,680,2568
719,0.36763,0.30066,0.11033,0.11216,15.88,679,2566
720,0.36859,0.30128,0.11025,0.11211,15.9,678,2564
721,0.36954,0.30149,0.11017,0.11209,15.92,677,2562
722,0.3705,0.30236,0.11008,0.11203,15.94,676,2559
723,0.37145,0.30338,0.11,0.11194,15.95,675,2557
724,0.37242,0.30404,0.10991,0.11189,15.97,673,2555
725,0.37338,0.30449,0.10983,0.11185,15.98,672,2553
726,0.37435,0.30539,0.10975,0.11178,16.0,671,2551
727,0.37531,0.3064,0.10966,0.1117,16.02,670,2548
728,0.37628,0.30669,0.10958,0.11168,16.04,669,2546
729,0.37725,0.30745,0.10949,0.11162,16.06,668,2544
730,0.37822,0.30845,0.10941,0.11154,16.07,666,2542
731,0.37922,0.30907,0.10932,0.11149,16.1,665,2539
732,0.38021,0.30954,0.10923,0.11145,16.12,664,2537
733,0.38122,0.31052,0.10914,0.11137,16.13,663,2535
734,0.38223,0.31133,0.10905,0.1113,16.15,662,2532
735,0.38325,0.3118,0.10896,0.11127,16.18,661,2530
736,0.38427,0.31254,0.10887,0.1112,16.19,660,2527
737,0.38529,0.31336,0.10878,0.11114,16.21,658,2525
738,0.38632,0.31399,0.10869,0.11109,16.23,657,2522
739,0.38737,0.31463,0.1086,0.11104,16.25,656,2520
740,0.38843,0.31548,0.1085,0.11097,16.27,655,2517
741,0.38949,0.31621,0.10841,0.11091,16.29,654,2515
742,0.39055,0.31708,0.10832,0.11084,16.31,653,2512
743,0.39163,0.31781,0.10822,0.11078,16.33,652,2509
744,0.3927,0.31853,0.10812,0.11072,16.35,651,2506
745,0.39378,0.31921,0.10803,0.11066,16.37,649,2504
746,0.39485,0.31993,0.10793,0.11061,16.38,648,2501
747,0.39592,0.32073,0.10784,0.11054,16.4,647,2498
748,0.397,0.32145,0.10774,0.11048,16.42,646,2495
749,0.39805,0.32207,0.10765,0.11043,16.44,645,2493
750,0.39912,0.32287,0.10755,0.11037,16.45,644,2490
751,0.40017,0.32358,0.10746,0.11031,16.47,643,2487
752,0.40123,0.32426,0.10736,0.11025,16.49,642,2485
753,0.40227,0.32507,0.10727,0.11019,16.51,641,2482
754,0.40332,0.32576,0.10717,0.11013,16.53,640,2479
755,0.40438,0.32638,0.10708,0.11008,16.55,639,2477
756,0.40543,0.32706,0.10699,0.11002,16.56,637,2475
757,0.40647,0.32783,0.10689,0.10996,16.58,636,2473
758,0.40751,0.3285,0.1068,0.10991,16.6,635,2470
759,0.40857,0.3293,0.1067,0.10984,16.62,634,2469
760,0.4096,0.32992,0.10661,0.10979,16.63,633,2467
761,0.41065,0.33069,0.10651,0.10973,16.65,632,2465
762,0.41168,0.33142,0.10642,0.10967,16.66,631,2463
763,0.41272,0.33206,0.10633,0.10962,16.68,630,2462
764,0.41374,0.33271,0.10624,0.10956,16.7,629,2460
765,0.41477,0.33382,0.10614,0.10947,16.72,628,2459
766,0.41582,0.3342,0.10605,0.10944,16.73,627,2457
767,0.41684,0.33478,0.10595,0.10939,16.75,626,2456
768,0.41788,0.33585,0.10586,0.1093,16.77,625,2455
769,0.41892,0.33655,0.10576,0.10925,16.79,624,2453
770,0.41995,0.33687,0.10567,0.10922,16.8,622,2452
771,0.42099,0.33792,0.10558,0.10913,16.82,621,2451
772,0.42203,0.33874,0.10548,0.10906,16.84,620,2450
773,0.42307,0.33917,0.10539,0.10903,16.86,619,2449
774,0.42412,0.34004,0.10529,0.10896,16.87,618,2448
775,0.42518,0.34086,0.10519,0.10889,16.89,617,2447
776,0.42623,0.34116,0.1051,0.10887,16.91,616,2446
777,0.42728,0.34217,0.105,0.10878,16.93,615,2446
778,0.42835,0.34313,0.1049,0.1087,16.95,614,2445
779,0.4294,0.34345,0.10481,0.10868,16.96,613,2444
780,0.43045,0.34423,0.10471,0.10861,16.98,612,2443
781,0.43149,0.34515,0.10461,0.10854,17.0,611,2443
782,0.43253,0.3457,0.10452,0.10849,17.01,610,2442
783,0.43358,0.34628,0.10442,0.10844,17.03,609,2441
784,0.43463,0.34738,0.10433,0.10835,17.05,608,2441
785,0.43568,0.34834,0.10423,0.10827,17.06,607,2440
786,0.43671,0.34955,0.10413,0.10817,17.08,606,2440
787,0.43774,0.35068,0.10404,0.10808,17.1,605,2439
788,0.43877,0.35137,0.10394,0.10802,17.12,604,2439
789,0.43978,0.35201,0.10385,0.10797,17.14,603,2438
790,0.44079,0.35265,0.10376,0.10791,17.16,602,2438
791,0.4418,0.35412,0.10366,0.10779,17.18,601,2437
792,0.44281,0.3551,0.10357,0.10771,17.19,600,2437
793,0.44383,0.35521,0.10347,0.1077,17.21,599,2437
794,0.44482,0.35581,0.10338,0.10765,17.23,598,2436
795,0.44582,0.35745,0.10329,0.10751,17.25,597,2436
796,0.44682,0.3581,0.10319,0.10746,17.27,596,2435
797,0.44781,0.35804,0.1031,0.10746,17.28,595,2435
798,0.44881,0.35949,0.10301,0.10734,17.3,594,2435
799,0.44978,0.36033,0.10292,0.10727,17.32,593,2435
800,0.45076,0.3602,0.10283,0.10728,17.34,592,2434
801,0.45175,0.36139,0.10273,0.10718,17.35,591,2434
802,0.45272,0.3622,0.10264,0.10711,17.37,590,2434
803,0.45369,0.3621,0.10255,0.10712,17.38,589,2433
804,0.45464,0.36323,0.10246,0.10703,17.4,588,2433
805,0.45559,0.36416,0.10237,0.10695,17.42,587,2433
806,0.45654,0.36418,0.10228,0.10695,17.43,586,2433
807,0.45748,0.36483,0.1022,0.10689,17.45,585,2433
808,0.45842,0.36605,0.10211,0.10679,17.47,584,2433
809,0.45935,0.36652,0.10202,0.10675,17.48,584,2433
810,0.46027,0.3669,0.10193,0.10672,17.5,583,2433
811,0.46119,0.36803,0.10185,0.10662,17.52,582,2433
812,0.4621,0.36849,0.10176,0.10658,17.53,581,2433
813,0.46299,0.36913,0.10167,0.10653,17.55,580,2434
814,0.46389,0.37007,0.10159,0.10645,17.57,579,2434
815,0.46479,0.37049,0.1015,0.10641,17.59,578,2434
816,0.46568,0.37089,0.10142,0.10638,17.61,577,2434
817,0.46657,0.37192,0.10134,0.10629,17.63,576,2434
818,0.46745,0.37238,0.10125,0.10626,17.65,575,2434
819,0.46832,0.3731,0.10117,0.10619,17.67,575,2434
820,0.4692,0.37422,0.10108,0.1061,17.69,574,2434
821,0.47007,0.37469,0.101,0.10606,17.71,573,2433
822,0.47093,0.37535,0.10092,0.106,17.72,572,2433
823,0.47179,0.37634,0.10084,0.10592,17.74,571,2433
824,0.47265,0.37701,0.10076,0.10586,17.76,570,2433
825,0.47351,0.37737,0.10067,0.10583,17.77,569,2433
826,0.47434,0.37831,0.10059,0.10575,17.79,568,2433
827,0.47519,0.37926,0.10051,0.10567,17.8,568,2434
828,0.47604,0.38008,0.10043,0.1056,17.82,567,2434
829,0.47688,0.38061,0.10035,0.10556,17.84,566,2434
830,0.47772,0.38162,0.10027,0.10547,17.86,565,2434
831,0.47854,0.38222,0.10019,0.10542,17.87,564,2434
832,0.47937,0.38277,0.10011,0.10537,17.89,563,2434
833,0.48019,0.3837,0.10003,0.10529,17.9,563,2434
834,0.481,0.38409,0.09995,0.10526,17.92,562,2434
835,0.48182,0.38485,0.09988,0.10519,17.93,561,2433
836,0.48264,0.38558,0.0998,0.10513,17.95,560,2433
837,0.48344,0.3862,0.09972,0.10508,17.97,559,2433
838,0.48425,0.38696,0.09964,0.10501,17.98,559,2433
839,0.48505,0.38784,0.09956,0.10494,18.0,558,2433
840,0.48585,0.3881,0.09949,0.10492,18.02,557,2433
841,0.48664,0.38875,0.09941,0.10486,18.04,556,2434
842,0.48744,0.38967,0.09933,0.10478,18.06,555,2434
843,0.48822,0.39024,0.09926,0.10473,18.07,555,2434
844,0.48901,0.39089,0.09918,0.10468,18.09,554,2434
845,0.48979,0.39136,0.0991,0.10464,18.11,553,2434
846,0.49057,0.3921,0.09903,0.10457,18.13,552,2434
847,0.49134,0.39274,0.09895,0.10452,18.15,551,2434
848,0.49211,0.39338,0.09888,0.10446,18.16,551,2434
849,0.49287,0.39379,0.09881,0.10443,18.18,550,2433
850,0.49363,0.39438,0.09873,0.10438,18.2,549,2433
851,0.49439,0.39522,0.09866,0.1043,18.22,548,2433
852,0.49514,0.3955,0.09858,0.10428,18.23,548,2434
853,0.49589,0.39602,0.09851,0.10423,18.25,547,2434
854,0.49663,0.39697,0.09844,0.10415,18.27,546,2434
855,0.49737,0.39732,0.09837,0.10412,18.29,545,2434
856,0.49811,0.39794,0.09829,0.10407,18.31,545,2434
857,0.49884,0.3987,0.09822,0.104,18.32,544,2434
858,0.49957,0.3992,0.09815,0.10396,18.35,543,2434
859,0.50029,0.39996,0.09808,0.10389,18.37,542,2434
860,0.50101,0.40052,0.09801,0.10385,18.38,542,2434
861,0.50173,0.40108,0.09794,0.1038,18.4,541,2433
862,0.50244,0.4017,0.09787,0.10374,18.42,540,2433
863,0.50315,0.40206,0.0978,0.10371,18.44,539,2433
864,0.50385,0.40306,0.09773,0.10363,18.46,539,2433
865,0.50457,0.40355,0.09766,0.10358,18.47,538,2434
866,0.50526,0.404,0.09759,0.10354,18.49,537,2434
867,0.50595,0.40493,0.09752,0.10346,18.51,537,2434
868,0.50663,0.40589,0.09746,0.10338,18.53,536,2434
869,0.50732,0.40615,0.09739,0.10336,18.55,535,2434
870,0.50799,0.40631,0.09732,0.10334,18.56,535,2434
871,0.50867,0.40754,0.09725,0.10324,18.58,534,2434
872,0.50934,0.40806,0.09719,0.10319,18.6,533,2434
873,0.51,0.40766,0.09712,0.10323,18.62,532,2434
874,0.51066,0.40945,0.09706,0.10307,18.64,532,2434
875,0.51131,0.41012,0.09699,0.10301,18.66,531,2434
876,0.51198,0.41027,0.09693,0.103,18.67,530,2434
877,0.51263,0.41051,0.09686,0.10298,18.69,530,2434
878,0.5133,0.41182,0.0968,0.10286,18.7,529,2434
879,0.51394,0.4123,0.09673,0.10282,18.72,528,2434
880,0.51458,0.41204,0.09667,0.10284,18.74,528,2434
881,0.51521,0.41278,0.0966,0.10278,18.76,527,2434
882,0.51583,0.41382,0.09654,0.10269,18.77,527,2434
883,0.51646,0.41385,0.09648,0.10268,18.79,526,2434
884,0.51708,0.41448,0.09642,0.10263,18.81,525,2434
885,0.5177,0.41547,0.09636,0.10254,18.83,525,2434
886,0.51831,0.41522,0.0963,0.10256,18.85,524,2434
887,0.51891,0.41601,0.09624,0.1025,18.86,523,2434
888,0.51951,0.41662,0.09618,0.10244,18.88,523,2434
889,0.52011,0.41663,0.09612,0.10244,18.9,522,2434
890,0.52071,0.41734,0.09605,0.10238,18.92,521,2434
891,0.52131,0.41804,0.096,0.10232,18.94,521,2434
892,0.52189,0.41801,0.09594,0.10232,18.95,520,2434
893,0.52247,0.41891,0.09588,0.10224,18.97,520,2434
894,0.52305,0.41894,0.09582,0.10224,18.99,519,2434
895,0.52361,0.41891,0.09576,0.10224,19.01,518,2434
896,0.52417,0.42014,0.09571,0.10213,19.03,518,2434
897,0.52474,0.42019,0.09565,0.10213,19.04,517,2434
898,0.52529,0.42004,0.0956,0.10214,19.06,516,2434
899,0.52584,0.42145,0.09554,0.10202,19.08,516,2434
900,0.5264,0.42144,0.09548,0.10202,19.1,515,2434
901,0.52693,0.42114,0.09543,0.10204,19.12,515,2434
902,0.52747,0.42292,0.09537,0.10189,19.14,514,2434
903,0.52803,0.42308,0.09532,0.10187,19.16,513,2434
904,0.52856,0.42262,0.09527,0.10191,19.17,513,2434
905,0.52911,0.42398,0.09521,0.10179,19.19,512,2434
906,0.52963,0.42487,0.09516,0.10171,19.21,512,2434
907,0.53017,0.42428,0.0951,0.10177,19.23,511,2434
908,0.53071,0.42507,0.09505,0.1017,19.25,510,2434
909,0.53123,0.4265,0.095,0.10157,19.27,510,2434
910,0.53177,0.42631,0.09494,0.10159,19.29,509,2434
911,0.53229,0.42624,0.09489,0.10159,19.31,509,2434
912,0.53282,0.42791,0.09483,0.10145,19.32,508,2433
913,0.53336,0.42789,0.09478,0.10145,19.34,508,2433
914,0.53387,0.42709,0.09473,0.10152,19.35,507,2434
915,0.53442,0.42918,0.09467,0.10133,19.37,506,2433
916,0.53497,0.42967,0.09462,0.10129,19.39,506,2433
917,0.53552,0.42866,0.09456,0.10138,19.4,505,2434
918,0.53608,0.43005,0.0945,0.10126,19.42,505,2433
919,0.53661,0.43096,0.09445,0.10117,19.44,504,2433
920,0.53715,0.43116,0.09439,0.10116,19.46,503,2433
921,0.53768,0.43167,0.09434,0.10111,19.48,503,2433
922,0.5382,0.43245,0.09429,0.10104,19.49,502,2433
923,0.53873,0.43284,0.09423,0.10101,19.51,502,2433
924,0.53926,0.43293,0.09418,0.101,19.53,501,2433
925,0.5398,0.43322,0.09412,0.10097,19.54,501,2433
926,0.54035,0.43389,0.09407,0.10091,19.56,500,2433
927,0.54089,0.43408,0.09401,0.1009,19.58,499,2433
928,0.54141,0.43447,0.09396,0.10086,19.6,499,2434
929,0.54194,0.43492,0.0939,0.10082,19.62,498,2434
930,0.54247,0.43505,0.09385,0.10081,19.69,498,2434
931,0.54299,0.43525,0.0938,0.10079,19.71,497,2434
932,0.54351,0.43591,0.09374,0.10073,19.73,497,2434
933,0.54403,0.43632,0.09369,0.1007,19.74,496,2434
934,0.54455,0.43657,0.09364,0.10067,19.76,495,2433
935,0.54507,0.43734,0.09358,0.10061,19.78,495,2433
936,0.54559,0.43802,0.09353,0.10054,19.79,494,2433
937,0.54611,0.43838,0.09348,0.10051,19.81,494,2433
938,0.54662,0.43866,0.09342,0.10049,19.83,493,2433
939,0.54713,0.43918,0.09337,0.10044,19.85,493,2433
940,0.54763,0.43962,0.09332,0.1004,19.86,492,2433
941,0.54813,0.44,0.09327,0.10037,19.88,492,2433
942,0.54865,0.44105,0.09321,0.10027,19.9,491,2433
943,0.54916,0.44159,0.09316,0.10023,19.91,490,2433
944,0.54968,0.44219,0.09311,0.10017,19.93,490,2433
945,0.55019,0.44256,0.09305,0.10014,19.94,489,2433
946,0.55071,0.44274,0.093,0.10012,19.96,489,2434
947,0.55122,0.44316,0.09295,0.10008,19.98,488,2434
948,0.55173,0.44381,0.09289,0.10003,20.0,488,2434
949,0.55225,0.44436,0.09284,0.09998,20.01,487,2434
950,0.55278,0.44526,0.09279,0.0999,20.03,487,2434
951,0.5533,0.4464,0.09273,0.09979,20.05,486,2433
952,0.55384,0.44631,0.09268,0.0998,20.07,486,2433
953,0.55437,0.44664,0.09262,0.09977,20.09,485,2433
954,0.55489,0.44737,0.09257,0.09971,20.11,484,2433
955,0.55541,0.44662,0.09251,0.09977,20.13,484,2433
956,0.55595,0.44789,0.09246,0.09966,20.15,483,2433
957,0.55648,0.44789,0.0924,0.09966,20.17,483,2433
958,0.557,0.448,0.09235,0.09965,20.19,482,2433
959,0.55752,0.44901,0.09229,0.09956,20.21,482,2433
960,0.55805,0.44897,0.09224,0.09956,20.23,481,2433
961,0.55857,0.44894,0.09218,0.09956,20.24,481,2433
962,0.55908,0.45006,0.09213,0.09946,20.26,480,2433
963,0.55959,0.45013,0.09208,0.09946,20.28,480,2433
964,0.56009,0.45023,0.09202,0.09945,20.3,479,2433
965,0.56059,0.45111,0.09197,0.09937,20.32,479,2433
966,0.56109,0.45117,0.09192,0.09936,20.34,478,2433
967,0.56159,0.45138,0.09187,0.09934,20.36,478,2433
968,0.56208,0.45233,0.09182,0.09926,20.37,477,2433
969,0.56258,0.4526,0.09176,0.09923,20.39,477,2433
970,0.56307,0.4526,0.09171,0.09923,20.41,476,2433
971,0.56356,0.45349,0.09166,0.09915,20.43,476,2433
972,0.56406,0.45386,0.09161,0.09912,20.45,475,2433
973,0.56454,0.45407,0.09156,0.0991,20.47,475,2433
974,0.56502,0.45488,0.09151,0.09903,20.48,474,2433
975,0.5655,0.45485,0.09146,0.09903,20.5,474,2433
976,0.56598,0.45514,0.09141,0.099,20.51,473,2433
977,0.56645,0.45569,0.09136,0.09895,20.53,473,2433
978,0.56692,0.45592,0.09131,0.09893,20.55,472,2433
979,0.56739,0.45639,0.09126,0.09889,20.56,472,2433
980,0.56786,0.45732,0.09121,0.0988,20.58,471,2433
981,0.56833,0.45723,0.09116,0.09881,20.6,471,2433
982,0.56879,0.45767,0.09111,0.09877,20.62,470,2433
983,0.56925,0.45846,0.09106,0.0987,20.64,470,2433
984,0.56971,0.45809,0.09101,0.09873,20.66,469,2433
985,0.57017,0.45918,0.09096,0.09863,20.68,469,2433
986,0.57062,0.45936,0.09092,0.09862,20.7,468,2433
987,0.57106,0.45916,0.09087,0.09864,20.72,468,2433
988,0.5715,0.46035,0.09082,0.09853,20.74,467,2433
989,0.57195,0.45975,0.09078,0.09858,20.75,467,2433
990,0.57239,0.46038,0.09073,0.09852,20.77,466,2433
991,0.57282,0.46116,0.09068,0.09845,20.79,466,2433
992,0.57324,0.46046,0.09064,0.09852,20.81,465,2433
993,0.57366,0.46201,0.09059,0.09838,20.82,465,2433
994,0.57409,0.46123,0.09055,0.09845,20.84,464,2433
995,0.57451,0.46218,0.0905,0.09836,20.86,464,2433
996,0.57493,0.46225,0.09046,0.09835,20.88,463,2433
997,0.57534,0.46232,0.09042,0.09835,20.89,463,2433
998,0.57575,0.46323,0.09037,0.09826,20.91,462,2433
999,0.57616,0.46308,0.09033,0.09828,20.93,462,2433
1000,0.57656,0.4636,0.09029,0.09823,20.95,461,2433
1001,0.57695,0.46405,0.09024,0.09819,20.96,461,2433
1002,0.57734,0.46386,0.0902,0.09821,20.98,461,2433
1003,0.57773,0.46474,0.09016,0.09813,21.04,460,2433
1004,0.57812,0.46463,0.09012,0.09814,21.05,460,2433
1005,0.5785,0.46518,0.09008,0.09809,21.07,459,2433
1006,0.57888,0.46565,0.09004,0.09804,21.09,459,2433
1007,0.57926,0.4654,0.09,0.09807,21.1,458,2433
1008,0.57963,0.46641,0.08996,0.09797,21.12,458,2433
1009,0.58001,0.46604,0.08992,0.09801,21.14,457,2433
1010,0.58038,0.46681,0.08988,0.09794,21.16,457,2433
1011,0.58075,0.46712,0.08984,0.09791,21.18,456,2433
1012,0.58112,0.46731,0.0898,0.09789,21.2,456,2433
1013,0.58148,0.46787,0.08976,0.09784,21.21,456,2433
1014,0.58185,0.46786,0.08972,0.09784,21.24,455,2433
1015,0.5822,0.46842,0.08968,0.09779,21.26,455,2433
1016,0.58256,0.4688,0.08964,0.09775,21.27,454,2433
1017,0.58291,0.46932,0.08961,0.09771,21.29,454,2433
1018,0.58326,0.46951,0.08957,0.09769,21.31,453,2433
1019,0.58362,0.46988,0.08953,0.09765,21.33,453,2433
1020,0.58396,0.46978,0.08949,0.09766,21.35,452,2433
1021,0.58431,0.4702,0.08945,0.09762,21.37,452,2433
1022,0.58466,0.47063,0.08942,0.09758,21.38,452,2433
1023,0.585,0.47068,0.08938,0.09758,21.4,451,2433
1024,0.58535,0.47139,0.08934,0.09751,21.42,451,2433
1025,0.58569,0.47113,0.08931,0.09754,21.44,450,2433
1026,0.58603,0.47152,0.08927,0.0975,21.45,450,2433
1027,0.58637,0.47174,0.08923,0.09748,21.47,449,2433
1028,0.5867,0.47188,0.0892,0.09747,21.48,449,2433
1029,0.58703,0.47275,0.08916,0.09739,21.5,449,2433
1030,0.58735,0.4728,0.08913,0.09738,21.51,448,2433
1031,0.58769,0.47325,0.08909,0.09734,21.53,448,2433
1032,0.58802,0.47312,0.08906,0.09735,21.54,447,2433
1033,0.58835,0.4734,0.08902,0.09733,21.56,447,2433
1034,0.58867,0.47378,0.08898,0.09729,21.57,446,2433
1035,0.58899,0.47434,0.08895,0.09724,21.59,446,2433
1036,0.58932,0.47461,0.08891,0.09722,21.61,446,2433
1037,0.58964,0.47491,0.08888,0.09719,21.62,445,2433
1038,0.58996,0.47505,0.08884,0.09718,21.64,445,2433
1039,0.59028,0.4751,0.08881,0.09717,21.66,444,2433
1040,0.5906,0.47572,0.08878,0.09711,21.68,444,2433
1041,0.59092,0.47609,0.08874,0.09708,21.69,444,2433
1042,0.59123,0.47634,0.08871,0.09706,21.71,443,2433
1043,0.59155,0.47653,0.08867,0.09704,21.72,443,2433
1044,0.59187,0.47644,0.08864,0.09705,21.74,442,2433
1045,0.59218,0.47693,0.0886,0.097,21.76,442,2433
1046,0.5925,0.47689,0.08857,0.09701,21.78,442,2433
1047,0.5928,0.47783,0.08854,0.09692,21.8,441,2433
1048,0.59311,0.47754,0.0885,0.09695,21.82,441,2433
1049,0.59341,0.47851,0.08847,0.09686,21.84,440,2433
1050,0.59372,0.47839,0.08844,0.09687,21.86,440,2433
1051,0.59403,0.47871,0.0884,0.09684,21.87,439,2433
1052,0.59432,0.47953,0.08837,0.09676,21.89,439,2433
1053,0.59461,0.47869,0.08834,0.09684,21.91,439,2433
1054,0.59489,0.48037,0.08831,0.09668,21.93,438,2433
1055,0.59521,0.47894,0.08828,0.09682,21.94,438,2433
1056,0.59553,0.47984,0.08824,0.09673,21.96,438,2433
1057,0.59579,0.48122,0.08821,0.0966,21.98,437,2433
1058,0.59606,0.47947,0.08818,0.09677,22.0,437,2433
1059,0.59638,0.4816,0.08815,0.09657,22.02,436,2433
1060,0.5967,0.48093,0.08811,0.09663,22.03,436,2433
1061,0.59697,0.48037,0.08808,0.09668,22.05,436,2433
1062,0.59726,0.48187,0.08805,0.09654,22.07,435,2433
1063,0.59756,0.4816,0.08802,0.09657,22.09,435,2433
1064,0.59784,0.4814,0.08799,0.09659,22.11,434,2433
1065,0.5981,0.48292,0.08796,0.09644,22.13,434,2433
1066,0.59839,0.48178,0.08793,0.09655,22.15,434,2433
1067,0.59867,0.48275,0.0879,0.09646,22.17,433,2433
1068,0.59894,0.48287,0.08787,0.09645,22.18,433,2433
1069,0.59921,0.4825,0.08784,0.09648,22.2,433,2433
1070,0.59946,0.48375,0.08781,0.09637,22.22,432,2433
1071,0.59973,0.48275,0.08778,0.09646,22.24,432,2433
1072,0.6,0.4838,0.08775,0.09636,22.26,431,2433
1073,0.60026,0.48382,0.08772,0.09636,22.27,431,2433
1074,0.60051,0.48351,0.08769,0.09639,22.29,431,2433
1075,0.60076,0.48473,0.08767,0.09628,22.3,430,2433
1076,0.60102,0.48415,0.08764,0.09633,22.32,430,2433
1077,0.60128,0.48457,0.08761,0.09629,22.34,430,2433
1078,0.60153,0.48519,0.08758,0.09623,22.36,429,2433
1079,0.60178,0.48461,0.08756,0.09629,22.37,429,2433
1080,0.60203,0.48542,0.08753,0.09621,22.39,428,2433
1081,0.60227,0.48557,0.0875,0.0962,22.41,428,2433
1082,0.60252,0.48531,0.08747,0.09622,22.42,428,2433
1083,0.60276,0.48626,0.08745,0.09613,22.44,427,2433
1084,0.60301,0.48575,0.08742,0.09618,22.46,427,2433
1085,0.60326,0.4862,0.08739,0.09614,22.48,427,2433
1086,0.6035,0.48651,0.08737,0.09611,22.5,426,2433
1087,0.60374,0.48625,0.08734,0.09613,22.52,426,2433
1088,0.60398,0.48681,0.08731,0.09608,22.53,426,2433
1089,0.60421,0.48705,0.08729,0.09606,22.55,425,2433
1090,0.60444,0.48658,0.08726,0.0961,22.57,425,2433
1091,0.60466,0.4879,0.08724,0.09598,22.58,425,2433
1092,0.60491,0.48718,0.08721,0.09605,22.61,424,2433
1093,0.60513,0.48715,0.08719,0.09605,22.63,424,2433
1094,0.60535,0.48845,0.08716,0.09593,22.65,424,2433
1095,0.60558,0.48704,0.08714,0.09606,22.66,423,2433
1096,0.60583,0.48795,0.08711,0.09597,22.68,423,2433
1097,0.60603,0.48881,0.08709,0.09589,22.7,423,2433
1098,0.60625,0.48749,0.08706,0.09602,22.71,422,2433
1099,0.60649,0.48884,0.08704,0.09589,22.73,422,2433
1100,0.6067,0.48925,0.08701,0.09585,22.75,422,2433
1101,0.60691,0.48784,0.08699,0.09599,22.77,421,2433
1102,0.60715,0.48899,0.08696,0.09588,22.78,421,2433
1103,0.60735,0.48945,0.08694,0.09583,22.8,421,2433
1104,0.60755,0.48815,0.08692,0.09596,22.82,420,2433
1105,0.60777,0.48973,0.08689,0.09581,22.84,420,2433
1106,0.60798,0.48999,0.08687,0.09578,22.86,420,2433
1107,0.60816,0.48908,0.08685,0.09587,22.88,419,2433
1108,0.60838,0.49041,0.08683,0.09574,22.89,419,2433
1109,0.60859,0.49013,0.0868,0.09577,22.91,419,2433
1110,0.60877,0.48915,0.08678,0.09586,22.92,418,2433
1111,0.60897,0.4908,0.08676,0.09571,22.94,418,2433
1112,0.60919,0.49002,0.08674,0.09578,22.96,418,2433
1113,0.60938,0.49012,0.08672,0.09577,22.97,417,2433
1114,0.60956,0.49144,0.0867,0.09565,22.99,417,2433
1115,0.60976,0.49041,0.08667,0.09574,23.01,417,2433
1116,0.60996,0.49086,0.08665,0.0957,23.03,416,2433
1117,0.61015,0.4915,0.08663,0.09564,23.05,416,2433
1118,0.61033,0.49041,0.08661,0.09574,23.06,416,2433
1119,0.61052,0.4918,0.08659,0.09561,23.08,415,2433
1120,0.61071,0.4914,0.08657,0.09565,23.1,415,2433
1121,0.61089,0.49137,0.08655,0.09565,23.12,415,2433
1122,0.61107,0.49237,0.08653,0.09556,23.14,415,2433
1123,0.61125,0.4915,0.08651,0.09564,23.15,414,2433
1124,0.61144,0.49215,0.08649,0.09558,23.17,414,2433
1125,0.61162,0.49232,0.08647,0.09556,23.19,414,2433
1126,0.6118,0.49187,0.08645,0.09561,23.21,413,2433
1127,0.61197,0.49293,0.08643,0.09551,23.23,413,2433
1128,0.61215,0.49256,0.08641,0.09554,23.25,413,2433
1129,0.61232,0.49264,0.08639,0.09553,23.27,412,2433
1130,0.61248,0.49346,0.08637,0.09546,23.29,412,2433
1131,0.61265,0.49264,0.08635,0.09553,23.3,412,2433
1132,0.61283,0.49343,0.08633,0.09546,23.32,412,2433
1133,0.613,0.49352,0.08631,0.09545,23.34,411,2433
1134,0.61317,0.49318,0.08629,0.09548,23.35,411,2433
1135,0.61333,0.49397,0.08628,0.09541,23.37,411,2433
1136,0.6135,0.49363,0.08626,0.09544,23.39,410,2433
1137,0.61366,0.49371,0.08624,0.09543,23.41,410,2433
1138,0.61382,0.49424,0.08622,0.09538,23.42,410,2433
1139,0.61399,0.4939,0.0862,0.09542,23.44,410,2433
1140,0.61415,0.49426,0.08618,0.09538,23.46,409,2433
1141,0.61431,0.49458,0.08617,0.09535,23.48,409,2433
1142,0.61447,0.49433,0.08615,0.09537,23.5,409,2433
1143,0.61462,0.49473,0.08613,0.09534,23.52,408,2433
1144,0.61478,0.4948,0.08611,0.09533,23.53,408,2433
1145,0.61493,0.49486,0.0861,0.09532,23.55,408,2433
1146,0.61509,0.49511,0.08608,0.0953,23.57,408,2433
1147,0.61525,0.49519,0.08606,0.09529,23.59,407,2433
1148,0.6154,0.49529,0.08604,0.09528,23.61,407,2433
1149,0.61556,0.49554,0.08603,0.09526,23.63,407,2433
1150,0.61571,0.4953,0.08601,0.09528,23.65,407,2433
1151,0.61586,0.49552,0.08599,0.09526,23.67,406,2433
1152,0.616,0.4956,0.08598,0.09525,23.68,406,2433
1153,0.61615,0.49566,0.08596,0.09525,23.7,406,2433
1154,0.6163,0.496,0.08594,0.09522,23.72,405,2433
1155,0.61644,0.49626,0.08593,0.09519,23.74,405,2433
1156,0.61658,0.49636,0.08591,0.09518,23.76,405,2433
1157,0.61672,0.49661,0.0859,0.09516,23.78,405,2433
1158,0.61686,0.49651,0.08588,0.09517,23.8,404,2433
1159,0.617,0.49655,0.08587,0.09517,23.82,404,2433
1160,0.61714,0.49677,0.08585,0.09514,23.84,404,2433
1161,0.61728,0.49684,0.08583,0.09514,23.86,404,2433
1162,0.61742,0.4971,0.08582,0.09511,23.88,403,2433
1163,0.61756,0.49721,0.0858,0.0951,23.9,403,2433
1164,0.61769,0.49712,0.08579,0.09511,23.91,403,2433
1165,0.61783,0.49723,0.08577,0.0951,23.93,403,2433
1166,0.61796,0.49721,0.08576,0.0951,23.95,402,2433
1167,0.61809,0.4973,0.08574,0.09509,23.96,402,2433
1168,0.61822,0.49761,0.08573,0.09507,23.98,402,2433
1169,0.61836,0.49755,0.08571,0.09507,24.0,402,2433
1170,0.61849,0.49787,0.0857,0.09504,24.01,401,2433
1171,0.61862,0.49779,0.08568,0.09505,24.03,401,2433
1172,0.61874,0.49778,0.08567,0.09505,24.05,401,2433
1173,0.61887,0.4981,0.08566,0.09502,24.07,401,2433
1174,0.61899,0.49783,0.08564,0.09504,24.08,401,2433
1175,0.6191,0.49859,0.08563,0.09497,24.1,400,2433
1176,0.61923,0.49803,0.08562,0.09503,24.12,400,2433
1177,0.61935,0.49853,0.0856,0.09498,24.14,400,2433
1178,0.61947,0.4984,0.08559,0.09499,24.16,400,2433
1179,0.61959,0.4983,0.08558,0.095,24.18,399,2433
1180,0.6197,0.49884,0.08556,0.09495,24.2,399,2433
1181,0.61982,0.49858,0.08555,0.09497,24.22,399,2433
1182,0.61993,0.49895,0.08554,0.09494,24.23,399,2433
1183,0.62004,0.4989,0.08552,0.09494,24.25,398,2433
1184,0.62015,0.49884,0.08551,0.09495,24.27,398,2433
1185,0.62026,0.49917,0.0855,0.09492,24.29,398,2433
1186,0.62037,0.49884,0.08549,0.09495,24.31,398,2433
1187,0.62048,0.49956,0.08547,0.09488,24.33,398,2433
1188,0.6206,0.49921,0.08546,0.09491,24.35,397,2433
1189,0.62071,0.49945,0.08545,0.09489,24.36,397,2433
1190,0.62081,0.4997,0.08544,0.09487,24.38,397,2433
1191,0.62091,0.4992,0.08543,0.09491,24.4,397,2433
1192,0.62102,0.49988,0.08541,0.09485,24.41,396,2433
1193,0.62112,0.49952,0.0854,0.09488,24.43,396,2433
1194,0.62122,0.49994,0.08539,0.09484,24.45,396,2433
1195,0.62132,0.5,0.08538,0.09484,24.46,396,2433
1196,0.62142,0.49989,0.08537,0.09485,24.48,396,2433
1197,0.62152,0.5001,0.08536,0.09483,24.49,395,2433
1198,0.62162,0.50005,0.08535,0.09483,24.51,395,2433
1199,0.62172,0.50005,0.08534,0.09483,24.53,395,2433
1200,0.62182,0.50041,0.08532,0.0948,24.54,395,2433
1201,0.62191,0.50023,0.08531,0.09482,24.56,395,2433
1202,0.62201,0.50057,0.0853,0.09478,24.57,394,2433
1203,0.6221,0.50057,0.08529,0.09478,24.59,394,2433
1204,0.6222,0.50039,0.08528,0.0948,24.61,394,2433
1205,0.62229,0.50072,0.08527,0.09477,24.63,394,2433
1206,0.62238,0.5006,0.08526,0.09478,24.65,394,2433
1207,0.62247,0.5008,0.08525,0.09476,24.66,393,2433
1208,0.62256,0.50085,0.08524,0.09476,24.68,393,2433
1209,0.62264,0.50083,0.08523,0.09476,24.7,393,2433
1210,0.62273,0.50089,0.08522,0.09475,24.72,393,2433
1211,0.62282,0.50092,0.08521,0.09475,24.74,393,2433
1212,0.6229,0.50108,0.0852,0.09474,24.76,392,2433
1213,0.62298,0.50118,0.08519,0.09473,24.78,392,2433
1214,0.62307,0.50127,0.08518,0.09472,24.8,392,2433
1215,0.62315,0.50127,0.08517,0.09472,24.81,392,2433
1216,0.62323,0.50125,0.08516,0.09472,24.83,392,2433
1217,0.62331,0.50143,0.08516,0.0947,24.85,391,2433
1218,0.62339,0.50144,0.08515,0.0947,24.87,391,2433
1219,0.62347,0.50168,0.08514,0.09468,24.89,391,2433
1220,0.62355,0.50147,0.08513,0.0947,24.91,391,2433
1221,0.62363,0.50185,0.08512,0.09466,24.92,391,2433
1222,0.62371,0.50145,0.08511,0.0947,24.94,390,2433
1223,0.62379,0.50194,0.0851,0.09465,24.96,390,2433
1224,0.62387,0.5019,0.08509,0.09466,24.98,390,2433
1225,0.62394,0.50197,0.08508,0.09465,25.0,390,2433
1226,0.62402,0.50229,0.08508,0.09462,25.02,390,2433
1227,0.6241,0.50192,0.08507,0.09466,25.03,390,2433
1228,0.62418,0.50222,0.08506,0.09463,25.05,389,2433
1229,0.62426,0.50218,0.08505,0.09463,25.07,389,2433
1230,0.62433,0.50222,0.08504,0.09463,25.09,389,2433
1231,0.62441,0.50254,0.08503,0.0946,25.11,389,2433
1232,0.62448,0.50232,0.08502,0.09462,25.13,389,2433
1233,0.62455,0.50276,0.08501,0.09458,25.15,388,2433
1234,0.62463,0.5023,0.08501,0.09462,25.17,388,2433
1235,0.6247,0.50289,0.085,0.09456,25.19,388,2433
1236,0.62477,0.50239,0.08499,0.09461,25.21,388,2433
1237,0.62484,0.50278,0.08498,0.09457,25.22,388,2433
1238,0.62491,0.50288,0.08497,0.09457,25.24,388,2433
1239,0.62498,0.50287,0.08497,0.09457,25.25,387,2433
1240,0.62505,0.50306,0.08496,0.09455,25.27,387,2433
1241,0.62512,0.50279,0.08495,0.09457,25.29,387,2433
1242,0.62518,0.50322,0.08494,0.09453,25.31,387,2433
1243,0.62525,0.50297,0.08494,0.09456,25.33,387,2433
1244,0.62532,0.5031,0.08493,0.09454,25.35,387,2433
1245,0.62539,0.5033,0.08492,0.09453,25.37,386,2433
1246,0.62546,0.50312,0.08491,0.09454,25.39,386,2433
1247,0.62552,0.50335,0.0849,0.09452,25.41,386,2433
1248,0.62559,0.50329,0.0849,0.09453,25.43,386,2433
1249,0.62566,0.50328,0.08489,0.09453,25.44,386,2433
1250,0.62573,0.50335,0.08488,0.09452,25.47,386,2433
1251,0.62581,0.50333,0.08487,0.09452,25.48,385,2433
1252,0.62588,0.50333,0.08486,0.09452,25.5,385,2433
1253,0.62595,0.50334,0.08486,0.09452,25.52,385,2433
1254,0.62603,0.50356,0.08485,0.0945,25.54,385,2433
1255,0.6261,0.50377,0.08484,0.09448,25.56,385,2433
1256,0.62618,0.50348,0.08483,0.09451,25.58,385,2433
1257,0.62625,0.5039,0.08482,0.09447,25.59,384,2433
1258,0.62632,0.50332,0.08481,0.09452,25.61,384,2433
1259,0.62638,0.50375,0.08481,0.09448,25.63,384,2433
1260,0.62645,0.50327,0.0848,0.09453,25.65,384,2433
1261,0.6265,0.50411,0.08479,0.09445,25.67,384,2433
1262,0.62657,0.50429,0.08479,0.09443,25.69,384,2433
1263,0.62662,0.50396,0.08478,0.09446,25.71,383,2433
1264,0.62669,0.50458,0.08477,0.0944,25.73,383,2433
1265,0.62676,0.50414,0.08476,0.09445,25.75,383,2433
1266,0.62683,0.50354,0.08476,0.0945,25.77,383,2433
1267,0.62688,0.50457,0.08475,0.0944,25.78,383,2433
1268,0.62696,0.50348,0.08474,0.09451,25.8,383,2433
1269,0.62703,0.50481,0.08473,0.09438,25.82,383,2433
1270,0.6271,0.50402,0.08473,0.09446,25.84,382,2433
1271,0.62717,0.50439,0.08472,0.09442,25.86,382,2433
1272,0.62723,0.50418,0.08471,0.09444,25.87,382,2433
1273,0.62729,0.50376,0.0847,0.09448,25.89,382,2433
1274,0.62735,0.50417,0.0847,0.09444,25.9,382,2433
1275,0.6274,0.5035,0.08469,0.09451,25.92,382,2433
1276,0.62746,0.50457,0.08469,0.0944,25.93,381,2433
1277,0.62751,0.50345,0.08468,0.09451,25.95,381,2433
1278,0.62757,0.50469,0.08467,0.09439,25.97,381,2433
1279,0.62762,0.50357,0.08467,0.0945,25.99,381,2433
1280,0.62768,0.50429,0.08466,0.09443,26.0,381,2433
1281,0.62774,0.50412,0.08465,0.09445,26.02,381,2433
1282,0.62778,0.50383,0.08465,0.09447,26.04,381,2433
1283,0.62783,0.50472,0.08464,0.09439,26.06,380,2433
1284,0.62787,0.50386,0.08464,0.09447,26.07,380,2433
1285,0.62792,0.50478,0.08463,0.09438,26.09,380,2433
1286,0.62797,0.50396,0.08463,0.09446,26.11,380,2433
1287,0.62802,0.50465,0.08462,0.0944,26.12,380,2433
1288,0.62807,0.50411,0.08462,0.09445,26.14,380,2433
1289,0.62811,0.50477,0.08461,0.09438,26.16,380,2433
1290,0.62816,0.50401,0.08461,0.09446,26.18,379,2433
1291,0.6282,0.50495,0.0846,0.09437,26.2,379,2433
1292,0.62825,0.50388,0.0846,0.09447,26.22,379,2433
1293,0.6283,0.50494,0.08459,0.09437,26.23,379,2433
1294,0.62835,0.5046,0.08458,0.0944,26.25,379,2433
1295,0.62839,0.50442,0.08458,0.09442,26.27,379,2433
1296,0.62843,0.50522,0.08458,0.09434,26.29,379,2433
1297,0.62847,0.50419,0.08457,0.09444,26.31,379,2433
1298,0.62852,0.50484,0.08456,0.09438,26.33,378,2433
1299,0.62857,0.50495,0.08456,0.09437,26.35,378,2433
1300,0.62861,0.50455,0.08455,0.09441,26.37,378,2433
1301,0.62865,0.50539,0.08455,0.09433,26.39,378,2433
1302,0.62869,0.50476,0.08454,0.09439,26.41,378,2433
1303,0.62874,0.50468,0.08454,0.09439,26.42,378,2433
1304,0.62877,0.50493,0.08454,0.09437,26.44,378,2433
1305,0.62881,0.50434,0.08453,0.09443,26.46,377,2433
1306,0.62884,0.50542,0.08453,0.09432,26.48,377,2433
1307,0.62889,0.505,0.08452,0.09436,26.5,377,2433
1308,0.62893,0.50505,0.08452,0.09436,26.52,377,2433
1309,0.62896,0.50548,0.08451,0.09432,26.54,377,2433
1310,0.629,0.50431,0.08451,0.09443,26.55,377,2433
1311,0.62905,0.50542,0.0845,0.09432,26.57,377,2433
1312,0.62909,0.50512,0.0845,0.09435,26.59,377,2433
1313,0.62913,0.50485,0.0845,0.09438,26.61,376,2433
1314,0.62917,0.50575,0.08449,0.09429,26.63,376,2433
1315,0.62921,0.50488,0.08449,0.09438,26.65,376,2433
1316,0.62925,0.50541,0.08448,0.09432,26.66,376,2433
1317,0.62929,0.50537,0.08448,0.09433,26.68,376,2433
1318,0.62933,0.50492,0.08447,0.09437,26.69,376,2433
1319,0.62936,0.50585,0.08447,0.09428,26.71,376,2433
1320,0.6294,0.50496,0.08446,0.09437,26.73,376,2433
1321,0.62945,0.50561,0.08446,0.09431,26.75,375,2433
1322,0.62949,0.50528,0.08445,0.09434,26.77,375,2433
1323,0.62953,0.50525,0.08445,0.09434,26.78,375,2433
1324,0.62956,0.50578,0.08445,0.09429,26.8,375,2433
1325,0.6296,0.5052,0.08444,0.09434,26.82,375,2433
1326,0.62964,0.5058,0.08444,0.09429,26.84,375,2433
1327,0.62968,0.50526,0.08443,0.09434,26.86,375,2433
1328,0.62972,0.50546,0.08443,0.09432,26.88,375,2433
1329,0.62975,0.5057,0.08442,0.0943,26.9,375,2433
1330,0.62979,0.50541,0.08442,0.09432,26.91,374,2433
1331,0.62983,0.50589,0.08442,0.09428,26.93,374,2433
1332,0.62986,0.50546,0.08441,0.09432,26.95,374,2433
1333,0.6299,0.50568,0.08441,0.0943,26.97,374,2433
1334,0.62994,0.50562,0.0844,0.0943,26.99,374,2433
1335,0.62997,0.50563,0.0844,0.0943,27.01,374,2433
1336,0.63001,0.5059,0.0844,0.09428,27.03,374,2433
1337,0.63004,0.50561,0.08439,0.0943,27.05,374,2433
1338,0.63008,0.50583,0.08439,0.09428,27.06,374,2433
1339,0.63011,0.50569,0.08438,0.0943,27.08,373,2433
1340,0.63015,0.5057,0.08438,0.0943,27.09,373,2433
1341,0.63018,0.50584,0.08438,0.09428,27.11,373,2433
1342,0.63021,0.50579,0.08437,0.09429,27.13,373,2433
1343,0.63024,0.50589,0.08437,0.09428,27.15,373,2433
1344,0.63028,0.50577,0.08436,0.09429,27.16,373,2433
1345,0.63031,0.50585,0.08436,0.09428,27.18,373,2433
1346,0.63034,0.50587,0.08436,0.09428,27.2,373,2433
1347,0.63037,0.50568,0.08435,0.0943,27.22,373,2433
1348,0.6304,0.50609,0.08435,0.09426,27.24,372,2433
1349,0.63043,0.50559,0.08435,0.09431,27.26,372,2433
1350,0.63045,0.5063,0.08434,0.09424,27.28,372,2433
1351,0.63048,0.50542,0.08434,0.09432,27.3,372,2433
1352,0.63051,0.50641,0.08434,0.09423,27.32,372,2433
1353,0.63053,0.50528,0.08434,0.09434,27.34,372,2433
1354,0.63056,0.50647,0.08433,0.09422,27.35,372,2433
1355,0.63059,0.5054,0.08433,0.09432,27.37,372,2433
1356,0.63062,0.50651,0.08433,0.09422,27.39,372,2433
1357,0.63065,0.50553,0.08432,0.09431,27.41,371,2433
1358,0.63068,0.50631,0.08432,0.09424,27.43,371,2433
1359,0.63071,0.50577,0.08431,0.09429,27.44,371,2433
1360,0.63074,0.50606,0.08431,0.09426,27.46,371,2433
1361,0.63077,0.50616,0.08431,0.09425,27.48,371,2433
1362,0.63079,0.50583,0.08431,0.09428,27.5,371,2433
1363,0.63082,0.50646,0.0843,0.09422,27.52,371,2433
1364,0.63084,0.50576,0.0843,0.09429,27.54,371,2433
1365,0.63087,0.50633,0.0843,0.09424,27.55,371,2433
1366,0.6309,0.50597,0.08429,0.09427,27.57,371,2433
1367,0.63092,0.50621,0.08429,0.09425,27.59,370,2433
1368,0.63095,0.50638,0.08429,0.09423,27.61,370,2433
1369,0.63097,0.50598,0.08429,0.09427,27.63,370,2433
1370,0.63099,0.50659,0.08428,0.09421,27.65,370,2433
1371,0.63102,0.50575,0.08428,0.09429,27.66,370,2433
1372,0.63104,0.50647,0.08428,0.09422,27.68,370,2433
1373,0.63107,0.50605,0.08427,0.09426,27.7,370,2433
1374,0.6311,0.50617,0.08427,0.09425,27.71,370,2433
1375,0.63112,0.50656,0.08427,0.09421,27.73,370,2433
1376,0.63114,0.50601,0.08427,0.09427,27.75,370,2433
1377,0.63115,0.50689,0.08426,0.09418,27.77,370,2433
1378,0.63117,0.50566,0.08426,0.0943,27.78,369,2433
1379,0.6312,0.50679,0.08426,0.09419,27.8,369,2433
1380,0.63123,0.5058,0.08426,0.09429,27.82,369,2433
1381,0.63125,0.50639,0.08425,0.09423,27.83,369,2433
1382,0.63128,0.5066,0.08425,0.09421,27.85,369,2433
1383,0.63129,0.50607,0.08425,0.09426,27.87,369,2433
1384,0.6313,0.50715,0.08425,0.09416,27.89,369,2433
1385,0.63132,0.50558,0.08425,0.09431,27.91,369,2433
1386,0.63135,0.50708,0.08424,0.09416,27.92,369,2433
1387,0.63138,0.5058,0.08424,0.09429,27.94,369,2433
1388,0.63142,0.50648,0.08423,0.09422,27.96,369,2433
1389,0.63143,0.50697,0.08423,0.09418,27.97,368,2433
1390,0.63144,0.50584,0.08423,0.09428,27.99,368,2433
1391,0.63144,0.50764,0.08423,0.09411,28.01,368,2433
1392,0.6315,0.50587,0.08423,0.09428,28.03,368,2433
1393,0.63154,0.50652,0.08422,0.09422,28.04,368,2433
1394,0.63155,0.50697,0.08422,0.09418,28.06,368,2433
1395,0.63155,0.50545,0.08422,0.09432,28.08,368,2433
1396,0.63156,0.50765,0.08422,0.09411,28.09,368,2433
1397,0.63162,0.50632,0.08421,0.09424,28.11,368,2433
1398,0.63165,0.50633,0.08421,0.09424,28.13,368,2433
1399,0.63165,0.50742,0.08421,0.09413,28.15,368,2433
1400,0.63168,0.50576,0.0842,0.09429,28.17,367,2433
1401,0.63172,0.50694,0.0842,0.09418,28.19,367,2433
1402,0.63174,0.50681,0.0842,0.09419,28.21,367,2433
1403,0.63175,0.50607,0.0842,0.09426,28.23,367,2433
1404,0.63177,0.50742,0.08419,0.09413,28.25,367,2433
1405,0.6318,0.50634,0.08419,0.09424,28.27,367,2433
1406,0.63183,0.50673,0.08419,0.0942,28.29,367,2433
1407,0.63185,0.50702,0.08419,0.09417,28.31,367,2433
1408,0.63186,0.50624,0.08418,0.09424,28.32,367,2433
1409,0.63188,0.50703,0.08418,0.09417,28.34,367,2433
1410,0.63191,0.50635,0.08418,0.09423,28.36,367,2433
1411,0.63193,0.50688,0.08418,0.09418,28.38,367,2433
1412,0.63195,0.50676,0.08417,0.0942,28.4,366,2433
1413,0.63197,0.50663,0.08417,0.09421,28.42,366,2433
1414,0.63199,0.50683,0.08417,0.09419,28.44,366,2433
1415,0.63201,0.50653,0.08417,0.09422,28.46,366,2433
1416,0.63202,0.50687,0.08416,0.09418,28.47,366,2433
1417,0.63204,0.50656,0.08416,0.09421,28.49,366,2433
1418,0.63206,0.50682,0.08416,0.09419,28.51,366,2433
1419,0.63208,0.5069,0.08416,0.09418,28.52,366,2433
1420,0.6321,0.50654,0.08416,0.09422,28.54,366,2433
1421,0.63212,0.50695,0.08415,0.09418,28.56,366,2433
1422,0.63214,0.50661,0.08415,0.09421,28.57,366,2433
1423,0.63215,0.50674,0.08415,0.0942,28.59,366,2433
1424,0.63217,0.5069,0.08415,0.09418,28.61,365,2433
1425,0.63219,0.50673,0.08415,0.0942,28.63,365,2433
1426,0.63221,0.50687,0.08414,0.09418,28.64,365,2433
1427,0.63223,0.50684,0.08414,0.09419,28.66,365,2433
1428,0.63224,0.50667,0.08414,0.0942,28.68,365,2433
1429,0.63226,0.50693,0.08414,0.09418,28.7,365,2433
1430,0.63228,0.50659,0.08414,0.09421,28.72,365,2433
1431,0.6323,0.50706,0.08413,0.09417,28.74,365,2433
1432,0.63232,0.50679,0.08413,0.09419,28.76,365,2433
1433,0.63233,0.50672,0.08413,0.0942,28.77,365,2433
1434,0.63235,0.50701,0.08413,0.09417,28.79,365,2433
1435,0.63237,0.5065,0.08413,0.09422,28.81,365,2433
1436,0.63238,0.50685,0.08412,0.09419,28.83,365,2433
1437,0.6324,0.50662,0.08412,0.09421,28.84,364,2433
1438,0.63242,0.50683,0.08412,0.09419,28.86,364,2433
1439,0.63244,0.50688,0.08412,0.09418,28.88,364,2433
1440,0.63245,0.50678,0.08412,0.09419,28.9,364,2433
1441,0.63247,0.50676,0.08411,0.0942,28.91,364,2433
1442,0.63249,0.50668,0.08411,0.0942,28.93,364,2433
1443,0.6325,0.50665,0.08411,0.09421,28.95,364,2433
1444,0.63252,0.5068,0.08411,0.09419,28.97,364,2433
1445,0.63254,0.50679,0.08411,0.09419,28.98,364,2433
1446,0.63255,0.50708,0.0841,0.09417,29.0,364,2433
1447,0.63257,0.50688,0.0841,0.09418,29.01,364,2433
1448,0.63259,0.50701,0.0841,0.09417,29.03,364,2433
1449,0.63261,0.50691,0.0841,0.09418,29.05,364,2433
1450,0.63262,0.50677,0.0841,0.09419,29.07,363,2433
1451,0.63264,0.507,0.08409,0.09417,29.09,363,2433
1452,0.63266,0.50696,0.08409,0.09418,29.11,363,2433
1453,0.63268,0.50695,0.08409,0.09418,29.13,363,2433
1454,0.63269,0.50711,0.08409,0.09416,29.14,363,2433
1455,0.63271,0.50685,0.08409,0.09419,29.16,363,2433
1456,0.63273,0.50707,0.08408,0.09417,29.18,363,2433
1457,0.63275,0.50687,0.08408,0.09418,29.2,363,2433
1458,0.63276,0.50694,0.08408,0.09418,29.22,363,2433
1459,0.63278,0.50707,0.08408,0.09417,29.24,363,2433
1460,0.6328,0.50689,0.08408,0.09418,29.26,363,2433
1461,0.63282,0.50702,0.08407,0.09417,29.27,363,2433
1462,0.63283,0.50702,0.08407,0.09417,29.29,363,2433
1463,0.63285,0.50693,0.08407,0.09418,29.32,363,2433
1464,0.63286,0.50704,0.08407,0.09417,29.34,362,2433
1465,0.63288,0.5071,0.08407,0.09416,29.35,362,2433
1466,0.6329,0.50703,0.08406,0.09417,29.37,362,2433
1467,0.63291,0.50721,0.08406,0.09415,29.39,362,2433
1468,0.63293,0.50695,0.08406,0.09418,29.41,362,2433
1469,0.63294,0.5072,0.08406,0.09415,29.43,362,2433
1470,0.63296,0.50685,0.08406,0.09419,29.44,362,2433
1471,0.63297,0.50707,0.08406,0.09417,29.46,362,2433
1472,0.63299,0.5071,0.08405,0.09416,29.48,362,2433
1473,0.633,0.50688,0.08405,0.09418,29.49,362,2433
1474,0.63301,0.50743,0.08405,0.09413,29.51,362,2433
1475,0.63302,0.50675,0.08405,0.0942,29.52,362,2433
1476,0.63304,0.50736,0.08405,0.09414,29.54,362,2433
1477,0.63305,0.50681,0.08405,0.09419,29.55,362,2433
1478,0.63307,0.50719,0.08405,0.09415,29.57,361,2433
1479,0.63308,0.507,0.08404,0.09417,29.58,361,2433
1480,0.63309,0.5072,0.08404,0.09415,29.6,361,2433
1481,0.6331,0.50696,0.08404,0.09418,29.62,361,2433
1482,0.63311,0.50732,0.08404,0.09414,29.64,361,2433
1483,0.63312,0.50682,0.08404,0.09419,29.66,361,2433
1484,0.63314,0.50738,0.08404,0.09414,29.68,361,2433
1485,0.63315,0.50684,0.08404,0.09419,29.7,361,2433
1486,0.63316,0.50733,0.08403,0.09414,29.72,361,2433
1487,0.63318,0.50698,0.08403,0.09417,29.74,361,2433
1488,0.63319,0.5071,0.08403,0.09416,29.76,361,2433
1489,0.6332,0.50715,0.08403,0.09416,29.78,361,2433
1490,0.63321,0.50691,0.08403,0.09418,29.8,361,2433
1491,0.63322,0.50724,0.08403,0.09415,29.82,361,2433
1492,0.63324,0.50702,0.08403,0.09417,29.84,361,2433
1493,0.63325,0.50698,0.08402,0.09417,29.86,361,2433
1494,0.63326,0.50733,0.08402,0.09414,29.88,360,2433
1495,0.63327,0.50689,0.08402,0.09418,29.89,360,2433
1496,0.63329,0.50724,0.08402,0.09415,29.91,360,2433
1497,0.6333,0.50718,0.08402,0.09416,29.93,360,2433
1498,0.63331,0.50694,0.08402,0.09418,29.95,360,2433
1499,0.63332,0.50737,0.08402,0.09414,29.97,360,2433
