epoch,train_r2,validation_r2,train_rmse,validation_rmse,time,band_1,band_2,band_3,band_4,band_5,band_6,band_7,band_8,band_9,band_10,band_11,band_12,band_13,band_14,band_15,band_16,band_17,band_18,band_19,band_20
0,0,0,0.27609,0.25132,1.18,104,205,306,408,509,610,712,812,914,1016,1117,1217,1319,1421,1521,1623,1724,1826,1927,2028
1,0,0,0.26836,0.24362,1.22,104,205,306,408,509,609,712,812,915,1016,1118,1217,1318,1421,1521,1624,1724,1826,1926,2028
2,0,0,0.26075,0.23592,1.27,104,205,305,408,510,609,713,811,915,1017,1118,1216,1318,1422,1520,1624,1723,1826,1926,2028
3,0,0,0.25331,0.22835,1.31,104,205,305,409,510,609,713,811,916,1017,1119,1216,1317,1422,1520,1625,1723,1827,1926,2028
4,0,0,0.24601,0.2211,1.36,104,206,305,409,511,609,714,811,916,1018,1119,1215,1317,1422,1519,1625,1723,1827,1926,2028
5,0,0,0.23881,0.21398,1.41,104,206,305,409,511,609,714,811,917,1018,1120,1215,1316,1422,1519,1625,1723,1827,1926,2027
6,0,0,0.2317,0.20713,1.46,104,206,304,410,511,609,714,811,918,1019,1120,1214,1316,1422,1519,1626,1723,1828,1926,2027
7,0,0,0.22469,0.20058,1.5,104,206,304,410,512,609,715,812,918,1019,1121,1214,1315,1422,1518,1626,1723,1828,1925,2027
8,0,0,0.21781,0.19409,1.55,104,206,304,410,512,609,715,812,919,1020,1121,1213,1315,1422,1518,1627,1723,1828,1925,2027
9,0,0,0.21107,0.18765,1.59,104,207,304,411,512,609,716,812,919,1021,1122,1213,1315,1421,1517,1627,1723,1828,1925,2027
10,0,0,0.20447,0.18128,1.63,105,207,304,411,513,609,716,813,920,1021,1122,1213,1314,1421,1517,1627,1723,1829,1925,2027
11,0,0,0.19806,0.17498,1.68,105,207,303,411,513,609,716,813,920,1022,1123,1212,1314,1421,1517,1628,1723,1829,1925,2027
12,0,0,0.19185,0.16875,1.72,105,207,303,412,514,609,717,814,921,1022,1123,1212,1313,1421,1516,1628,1723,1829,1925,2027
13,0,0,0.18584,0.16262,1.77,105,207,303,412,514,609,717,814,921,1023,1124,1212,1313,1421,1516,1628,1723,1829,1924,2027
14,0,0,0.18006,0.1566,1.81,105,207,303,412,514,609,717,815,922,1023,1124,1212,1313,1421,1516,1629,1723,1829,1924,2026
15,0,0,0.17451,0.1507,1.86,105,208,303,413,515,609,718,815,922,1024,1125,1211,1312,1421,1515,1629,1723,1829,1924,2026
16,0.02808,0,0.16923,0.14494,1.9,105,208,303,413,515,609,718,815,923,1024,1125,1211,1312,1421,1515,1629,1723,1830,1924,2026
17,0.08467,0,0.16423,0.13933,1.95,105,208,303,413,515,609,718,816,923,1025,1126,1211,1312,1421,1515,1630,1723,1830,1924,2026
18,0.13632,0,0.15953,0.13387,1.99,105,208,303,414,516,609,718,816,923,1025,1126,1210,1311,1421,1514,1630,1723,1830,1924,2026
19,0.18313,0,0.15514,0.1286,2.04,106,208,303,414,516,609,718,817,924,1026,1127,1210,1311,1422,1514,1630,1723,1830,1924,2026
20,0.22523,0,0.15109,0.12352,2.08,106,208,303,414,516,609,719,817,924,1026,1127,1210,1310,1422,1514,1631,1723,1830,1924,2026
21,0.26278,0,0.14739,0.11866,2.13,106,208,303,415,516,609,719,818,925,1027,1128,1210,1310,1422,1513,1631,1723,1830,1924,2026
22,0.29594,0,0.14403,0.11402,2.17,106,208,303,415,517,609,719,818,925,1027,1128,1209,1310,1422,1513,1631,1723,1830,1923,2026
23,0.32493,0,0.14104,0.10962,2.23,106,209,303,415,517,609,720,819,925,1028,1129,1209,1309,1422,1513,1632,1723,1831,1923,2025
24,0.34994,0,0.1384,0.10547,2.28,106,209,303,416,517,609,720,819,926,1028,1129,1209,1309,1422,1513,1632,1723,1831,1923,2025
25,0.37122,0,0.13611,0.10158,2.33,106,209,303,416,518,609,720,820,926,1029,1129,1209,1309,1422,1513,1632,1723,1831,1923,2025
26,0.38904,0,0.13417,0.09797,2.37,106,209,303,416,518,609,721,820,927,1029,1130,1208,1309,1422,1512,1632,1723,1831,1923,2025
27,0.40366,0,0.13256,0.09465,2.42,106,209,303,417,518,609,721,821,927,1030,1130,1208,1308,1422,1512,1633,1723,1831,1923,2025
28,0.41539,0,0.13125,0.09161,2.46,106,209,303,417,519,609,721,821,928,1031,1131,1208,1308,1422,1512,1633,1723,1831,1923,2025
29,0.42451,0,0.13022,0.08887,2.53,106,209,303,417,519,609,722,822,928,1031,1131,1208,1308,1421,1512,1633,1723,1831,1923,2025
30,0.43133,0,0.12945,0.08641,2.58,107,209,304,417,519,609,722,822,929,1032,1132,1207,1308,1421,1511,1633,1723,1831,1923,2025
31,0.43616,0,0.1289,0.08423,2.62,107,209,304,418,519,609,722,823,929,1032,1132,1207,1308,1421,1511,1633,1723,1831,1923,2024
32,0.4393,0,0.12854,0.08232,2.67,107,210,304,418,520,609,722,823,930,1033,1132,1207,1307,1421,1511,1634,1723,1831,1923,2024
33,0.44105,0,0.12833,0.08065,2.71,107,210,304,418,520,610,723,824,930,1033,1133,1206,1307,1421,1511,1634,1723,1831,1923,2024
34,0.44169,0,0.12826,0.07923,2.75,107,210,304,419,520,610,723,824,931,1034,1133,1206,1307,1421,1511,1634,1723,1831,1923,2024
35,0.44148,0,0.12828,0.07802,2.8,107,210,304,419,520,610,723,824,931,1034,1133,1206,1307,1421,1511,1634,1722,1831,1923,2024
36,0.44067,0,0.12838,0.077,2.84,107,210,304,419,520,610,723,825,932,1034,1134,1206,1307,1421,1510,1634,1722,1831,1923,2024
37,0.43946,0,0.12852,0.07616,2.89,107,210,305,419,521,610,724,825,932,1035,1134,1206,1307,1421,1510,1634,1722,1831,1923,2024
38,0.43806,0,0.12868,0.07547,2.93,107,210,305,420,521,610,724,826,932,1035,1134,1205,1307,1421,1510,1635,1722,1831,1923,2024
39,0.43661,0,0.12884,0.07491,2.98,107,210,305,420,521,610,724,826,933,1036,1135,1205,1306,1421,1510,1635,1722,1831,1923,2023
40,0.43527,0,0.129,0.07447,3.02,107,210,305,420,521,610,724,827,933,1036,1135,1205,1306,1421,1510,1635,1722,1832,1923,2023
41,0.43412,0,0.12913,0.07413,3.07,107,210,305,420,521,610,724,827,933,1036,1135,1205,1306,1421,1510,1635,1721,1832,1922,2023
42,0.43325,0,0.12923,0.07388,3.11,107,210,305,420,521,611,724,827,934,1037,1135,1205,1306,1421,1510,1635,1721,1832,1922,2023
43,0.4327,0,0.12929,0.07369,3.15,107,210,306,421,522,611,724,828,934,1037,1135,1205,1306,1421,1510,1635,1721,1832,1922,2023
44,0.43251,0,0.12931,0.07358,3.2,107,211,306,421,522,611,725,828,935,1038,1136,1205,1305,1421,1510,1635,1720,1832,1922,2023
45,0.43265,0,0.1293,0.07352,3.24,107,211,306,421,522,611,725,828,935,1038,1136,1205,1305,1421,1509,1635,1720,1832,1922,2023
46,0.43312,0,0.12924,0.07351,3.29,108,211,306,421,522,611,725,829,935,1038,1136,1205,1305,1421,1509,1635,1720,1832,1922,2023
47,0.43391,0,0.12915,0.07355,3.33,108,211,306,422,522,612,725,829,936,1039,1136,1205,1305,1421,1509,1635,1719,1832,1922,2022
48,0.43498,0,0.12903,0.07363,3.38,108,211,307,422,522,612,725,829,936,1039,1136,1204,1305,1421,1509,1635,1719,1832,1921,2022
49,0.4363,0,0.12888,0.07375,3.44,108,211,307,422,522,612,725,830,936,1039,1136,1204,1304,1420,1509,1635,1719,1832,1921,2022
50,0.4378,0,0.12871,0.07391,3.49,108,211,307,422,523,612,725,830,936,1039,1136,1204,1304,1420,1509,1635,1719,1832,1921,2022
51,0.43945,0,0.12852,0.07411,3.54,108,211,307,422,523,613,725,830,937,1040,1136,1204,1304,1420,1509,1635,1718,1832,1921,2022
52,0.4412,0,0.12832,0.07434,3.58,108,211,307,422,523,613,725,830,937,1040,1137,1204,1304,1420,1509,1635,1718,1832,1921,2022
53,0.44293,0,0.12812,0.0746,3.63,108,211,307,423,523,613,725,831,937,1040,1137,1204,1304,1420,1509,1635,1718,1832,1921,2022
54,0.44466,0,0.12792,0.07489,3.68,108,211,308,423,523,613,725,831,937,1041,1137,1204,1303,1420,1509,1635,1717,1832,1921,2022
55,0.44637,0,0.12772,0.0752,3.73,108,211,308,423,523,613,725,831,938,1041,1137,1204,1303,1420,1509,1635,1717,1832,1920,2022
56,0.44802,0,0.12753,0.07554,3.77,109,211,308,423,523,613,725,831,938,1041,1137,1204,1303,1420,1509,1635,1717,1832,1920,2021
57,0.44959,0,0.12735,0.0759,3.82,109,212,308,423,524,613,726,832,938,1042,1137,1204,1303,1420,1509,1635,1716,1832,1920,2021
58,0.45107,0,0.12718,0.07628,3.87,109,212,308,424,524,613,726,832,938,1042,1137,1204,1303,1420,1509,1636,1716,1832,1920,2021
59,0.45243,0,0.12702,0.07666,3.92,109,212,309,424,524,613,726,832,938,1042,1137,1204,1302,1420,1508,1636,1716,1832,1920,2021
60,0.45369,0,0.12688,0.07706,3.96,109,212,309,424,524,613,726,833,938,1043,1137,1204,1302,1420,1508,1636,1716,1832,1920,2021
61,0.45483,0,0.12674,0.07745,4.01,109,212,309,424,524,613,726,833,939,1043,1137,1204,1302,1420,1508,1636,1715,1832,1920,2021
62,0.45586,0,0.12662,0.07786,4.06,109,212,309,424,524,613,726,833,939,1044,1138,1204,1302,1420,1508,1636,1715,1832,1919,2021
63,0.45679,0,0.12651,0.07828,4.1,109,212,309,424,524,612,726,833,939,1044,1138,1204,1301,1420,1508,1636,1715,1832,1919,2021
64,0.45762,0,0.12642,0.07867,4.14,109,212,310,425,524,612,726,834,939,1044,1138,1204,1301,1420,1508,1636,1714,1832,1919,2021
65,0.45837,0,0.12633,0.07905,4.19,109,212,310,425,524,612,726,834,939,1045,1138,1204,1301,1420,1508,1636,1714,1832,1919,2021
66,0.45905,0,0.12625,0.07939,4.23,110,212,310,425,525,612,726,834,939,1045,1138,1204,1301,1419,1508,1636,1714,1832,1919,2020
67,0.45967,0,0.12618,0.07972,4.28,110,212,310,425,525,612,726,835,940,1046,1138,1204,1300,1419,1508,1636,1714,1832,1919,2020
68,0.46024,0,0.12611,0.08001,4.32,110,213,310,425,525,612,726,835,940,1046,1138,1204,1300,1419,1508,1636,1713,1832,1918,2020
69,0.46079,0,0.12605,0.08028,4.36,110,213,311,426,525,612,726,835,940,1047,1138,1204,1300,1419,1508,1636,1713,1832,1918,2020
70,0.46131,0,0.12599,0.08051,4.41,110,213,311,426,525,612,726,836,940,1047,1139,1204,1299,1419,1508,1636,1713,1832,1918,2020
71,0.46182,0,0.12593,0.08072,4.46,110,213,311,426,526,612,727,836,940,1048,1139,1204,1299,1419,1508,1636,1713,1832,1918,2020
72,0.46233,0,0.12587,0.08089,4.5,110,213,311,426,526,612,727,836,940,1048,1139,1204,1299,1419,1508,1636,1712,1832,1918,2020
73,0.46285,0,0.12581,0.08103,4.56,110,213,312,427,526,612,727,837,941,1049,1139,1204,1299,1418,1508,1636,1712,1832,1918,2020
74,0.46337,0,0.12575,0.08114,4.62,110,213,312,427,526,612,727,837,941,1049,1139,1204,1298,1418,1508,1636,1712,1832,1917,2020
75,0.4639,0,0.12568,0.08122,4.66,111,213,312,427,526,612,727,838,941,1050,1139,1204,1298,1418,1507,1637,1712,1832,1917,2020
76,0.46445,0,0.12562,0.08127,4.71,111,213,312,427,527,612,727,838,941,1051,1139,1204,1298,1418,1507,1637,1712,1832,1917,2019
77,0.46502,0,0.12555,0.08129,4.75,111,213,312,427,527,613,727,838,941,1051,1140,1204,1297,1418,1507,1637,1711,1832,1917,2019
78,0.46561,0,0.12548,0.08129,4.81,111,213,313,428,527,613,727,839,942,1052,1140,1204,1297,1417,1507,1637,1711,1832,1917,2019
79,0.46622,0,0.12541,0.08128,4.87,111,214,313,428,527,613,728,839,942,1053,1140,1204,1297,1417,1507,1637,1711,1832,1917,2019
80,0.46684,0,0.12534,0.08127,4.93,111,214,313,428,527,613,728,839,942,1053,1140,1204,1297,1417,1507,1637,1711,1832,1917,2019
81,0.46749,0,0.12526,0.08124,4.99,111,214,313,428,527,613,728,840,943,1054,1140,1204,1296,1417,1507,1637,1710,1832,1916,2019
82,0.46814,0,0.12519,0.08119,5.06,111,214,314,429,527,613,728,840,943,1055,1140,1204,1296,1417,1507,1637,1710,1832,1916,2019
83,0.46881,0,0.12511,0.08114,5.11,111,214,314,429,528,612,728,840,943,1055,1141,1204,1296,1417,1507,1638,1710,1832,1916,2019
84,0.46949,0,0.12503,0.08107,5.16,111,214,314,429,528,612,728,841,943,1056,1141,1204,1296,1416,1507,1638,1710,1832,1916,2018
85,0.47017,0,0.12495,0.08099,5.2,112,214,314,429,528,612,729,841,943,1057,1141,1204,1295,1416,1507,1638,1709,1832,1916,2018
86,0.47082,0,0.12487,0.08091,5.24,112,214,314,429,528,612,729,841,944,1057,1141,1204,1295,1416,1507,1638,1709,1832,1916,2018
87,0.47145,0,0.1248,0.08082,5.29,112,214,315,430,528,612,729,842,944,1058,1141,1204,1295,1416,1507,1638,1709,1832,1916,2018
88,0.47209,0,0.12472,0.08073,5.33,112,214,315,430,528,612,729,842,944,1058,1142,1204,1295,1415,1507,1638,1709,1832,1916,2018
89,0.47271,0,0.12465,0.08064,5.37,112,215,315,430,529,612,729,842,944,1059,1142,1204,1295,1415,1507,1638,1708,1832,1916,2018
90,0.47334,0,0.12457,0.08055,5.41,112,215,315,430,529,612,730,843,944,1060,1142,1203,1295,1415,1506,1638,1708,1832,1916,2018
91,0.47396,0,0.1245,0.08046,5.45,112,215,316,431,529,612,730,843,945,1060,1142,1203,1295,1415,1506,1638,1708,1832,1916,2018
92,0.47458,0,0.12443,0.08038,5.49,112,215,316,431,529,612,730,844,945,1061,1142,1203,1295,1414,1506,1639,1708,1832,1916,2017
93,0.47519,0,0.12435,0.0803,5.54,112,215,316,431,529,612,730,844,945,1062,1142,1203,1295,1414,1506,1639,1708,1832,1916,2017
94,0.4758,0,0.12428,0.08022,5.58,112,215,316,431,530,612,730,844,945,1062,1143,1203,1295,1414,1506,1639,1708,1832,1916,2017
95,0.47641,0,0.12421,0.08016,5.62,112,215,317,432,530,612,731,845,946,1063,1143,1203,1295,1414,1506,1639,1707,1832,1915,2017
96,0.47702,0,0.12414,0.0801,5.66,113,215,317,432,530,612,731,845,946,1063,1143,1203,1295,1414,1506,1639,1707,1832,1915,2017
97,0.47762,0,0.12407,0.08004,5.7,113,215,317,432,530,612,731,845,946,1064,1143,1203,1295,1414,1506,1639,1707,1832,1915,2017
98,0.47823,0,0.12399,0.08,5.75,113,215,317,432,530,612,731,846,946,1064,1143,1203,1295,1415,1506,1639,1707,1832,1915,2017
99,0.47885,0,0.12392,0.07996,5.79,113,216,318,433,531,612,731,846,947,1064,1144,1203,1294,1415,1506,1639,1707,1832,1915,2017
100,0.47947,0,0.12385,0.07992,5.83,113,216,318,433,531,612,731,846,947,1065,1144,1203,1294,1415,1506,1639,1707,1832,1915,2016
101,0.48006,0,0.12378,0.0799,5.87,113,216,318,433,531,612,732,847,947,1065,1144,1203,1294,1415,1506,1639,1707,1832,1915,2016
102,0.48065,0,0.12371,0.07988,5.92,113,216,318,433,531,612,732,847,948,1066,1144,1203,1294,1415,1506,1639,1706,1832,1915,2016
103,0.48124,0,0.12364,0.07988,5.96,113,216,319,434,532,612,732,848,948,1066,1144,1203,1294,1415,1505,1640,1706,1832,1915,2016
104,0.48184,0,0.12356,0.0799,6.0,113,216,319,434,532,612,732,848,948,1066,1145,1203,1294,1415,1505,1640,1706,1832,1915,2016
105,0.48244,0,0.12349,0.07992,6.05,113,216,319,434,532,612,732,848,949,1066,1145,1203,1294,1415,1505,1640,1706,1832,1915,2016
106,0.48305,0,0.12342,0.07993,6.1,114,216,319,434,532,612,732,849,949,1066,1145,1203,1294,1415,1505,1640,1706,1832,1914,2016
107,0.48367,0,0.12335,0.07995,6.15,114,216,319,435,532,612,732,849,950,1067,1145,1203,1294,1415,1505,1640,1706,1832,1914,2015
108,0.48429,0,0.12327,0.07996,6.2,114,216,320,435,533,612,732,850,950,1067,1145,1203,1294,1415,1505,1640,1706,1832,1914,2015
109,0.48491,0,0.1232,0.07998,6.25,114,217,320,435,533,612,732,850,950,1067,1146,1203,1294,1415,1505,1640,1706,1832,1914,2015
110,0.48554,0,0.12312,0.07999,6.29,114,217,320,435,533,612,733,850,951,1067,1146,1203,1294,1415,1505,1640,1706,1832,1914,2015
111,0.48618,0,0.12304,0.08001,6.34,114,217,320,436,533,612,733,851,951,1067,1146,1203,1294,1415,1505,1640,1705,1832,1914,2015
112,0.4868,0,0.12297,0.08002,6.38,114,217,321,436,534,612,733,851,951,1067,1146,1203,1294,1415,1505,1640,1705,1832,1914,2015
113,0.48741,0,0.1229,0.08005,6.43,114,217,321,436,534,612,733,852,952,1067,1146,1203,1294,1415,1504,1641,1705,1832,1913,2015
114,0.48803,0,0.12282,0.08009,6.47,114,217,321,436,534,612,733,852,952,1067,1146,1203,1294,1415,1504,1641,1705,1832,1913,2015
115,0.48865,0,0.12275,0.08014,6.52,114,217,321,436,534,612,733,853,952,1067,1147,1203,1294,1415,1504,1641,1705,1832,1913,2014
116,0.48928,0,0.12267,0.0802,6.56,114,217,322,437,535,612,733,853,952,1067,1147,1203,1294,1415,1504,1641,1705,1832,1913,2014
117,0.48991,0,0.1226,0.08027,6.62,115,217,322,437,535,612,733,854,953,1067,1147,1203,1294,1415,1504,1641,1704,1833,1913,2014
118,0.49055,0,0.12252,0.08034,6.67,115,218,322,437,535,612,733,854,953,1067,1147,1203,1294,1415,1504,1641,1704,1833,1913,2014
119,0.49118,0,0.12244,0.08042,6.71,115,218,322,437,535,612,733,855,953,1067,1147,1203,1294,1415,1504,1641,1704,1833,1913,2014
120,0.4918,0,0.12237,0.08049,6.76,115,218,323,438,536,612,733,855,953,1067,1147,1203,1294,1415,1504,1641,1704,1833,1913,2014
121,0.49244,0,0.12229,0.08055,6.8,115,218,323,438,536,612,733,855,953,1067,1148,1203,1294,1415,1504,1641,1703,1833,1913,2014
122,0.49307,0,0.12222,0.08061,6.84,115,218,323,438,536,612,733,856,953,1067,1148,1203,1294,1415,1504,1642,1703,1833,1913,2013
123,0.49372,0,0.12214,0.08065,6.88,115,218,323,438,536,612,734,856,953,1066,1148,1203,1294,1415,1504,1642,1703,1833,1913,2013
124,0.49436,0,0.12206,0.08068,6.93,115,218,324,439,536,612,734,857,954,1066,1148,1203,1294,1415,1503,1642,1702,1833,1913,2013
125,0.49499,0,0.12199,0.08072,6.97,115,218,324,439,537,612,734,857,954,1066,1148,1202,1294,1415,1503,1642,1702,1833,1913,2013
126,0.49562,0,0.12191,0.08077,7.01,115,218,324,439,537,612,734,858,954,1066,1149,1202,1294,1415,1503,1642,1702,1833,1913,2013
127,0.49626,0,0.12183,0.08082,7.05,116,219,324,439,537,612,734,858,954,1066,1149,1202,1294,1415,1503,1642,1701,1833,1913,2013
128,0.4969,0,0.12175,0.08087,7.1,116,219,325,440,537,612,734,859,954,1066,1149,1202,1294,1415,1503,1642,1701,1833,1912,2013
129,0.49754,0,0.12168,0.08093,7.14,116,219,325,440,538,612,734,859,954,1066,1149,1202,1294,1415,1503,1642,1701,1833,1912,2013
130,0.49817,0,0.1216,0.08098,7.18,116,219,325,440,538,612,734,859,954,1066,1149,1202,1294,1415,1503,1642,1700,1833,1912,2012
131,0.49881,0,0.12152,0.08102,7.22,116,219,325,440,538,612,734,860,954,1066,1149,1202,1294,1415,1503,1642,1700,1833,1912,2012
132,0.49945,0,0.12145,0.08104,7.26,116,219,326,441,538,612,734,860,954,1066,1150,1202,1294,1415,1503,1643,1700,1833,1912,2012
133,0.50009,0,0.12137,0.08107,7.3,116,219,326,441,538,612,734,861,954,1065,1150,1202,1294,1415,1503,1643,1700,1833,1912,2012
134,0.50074,0,0.12129,0.0811,7.35,116,219,326,441,539,612,735,861,954,1065,1150,1202,1294,1415,1503,1643,1699,1833,1912,2012
135,0.5014,0,0.12121,0.08114,7.39,116,219,326,441,539,612,735,861,954,1065,1150,1202,1294,1415,1503,1643,1699,1833,1912,2012
136,0.50205,0,0.12113,0.08119,7.44,116,220,327,442,539,612,735,862,955,1065,1150,1202,1294,1415,1503,1643,1699,1833,1912,2012
137,0.50269,0,0.12105,0.08124,7.48,117,220,327,442,539,612,735,862,955,1065,1150,1202,1294,1415,1503,1643,1698,1833,1912,2011
138,0.50335,0,0.12097,0.08127,7.52,117,220,327,442,539,612,735,863,955,1065,1151,1202,1294,1415,1503,1643,1698,1833,1912,2011
139,0.50399,0,0.12089,0.0813,7.56,117,220,327,443,540,612,736,863,955,1065,1151,1202,1294,1415,1503,1643,1698,1833,1912,2011
140,0.50463,0,0.12082,0.08131,7.61,117,220,328,443,540,612,736,864,955,1065,1151,1202,1294,1415,1503,1643,1698,1833,1912,2011
141,0.50525,0,0.12074,0.08133,7.65,117,220,328,443,540,612,736,864,956,1065,1151,1202,1294,1415,1503,1643,1697,1833,1912,2011
142,0.50588,0,0.12066,0.08136,7.69,117,220,328,443,540,612,736,864,956,1065,1151,1202,1294,1415,1503,1643,1697,1833,1912,2011
143,0.50651,0,0.12059,0.0814,7.73,117,220,328,444,540,612,736,865,956,1065,1151,1202,1294,1415,1503,1643,1697,1834,1912,2011
144,0.50715,0,0.12051,0.08144,7.78,117,220,329,444,541,612,737,865,957,1065,1152,1202,1294,1415,1503,1643,1696,1834,1912,2010
145,0.50779,0,0.12043,0.08149,7.82,117,221,329,444,541,612,737,866,957,1065,1152,1202,1294,1415,1502,1643,1696,1834,1912,2010
146,0.50843,0,0.12035,0.08153,7.86,117,221,329,444,541,612,737,866,957,1065,1152,1202,1294,1415,1502,1644,1696,1834,1911,2010
147,0.50906,0,0.12027,0.08155,7.9,118,221,329,445,541,612,737,867,958,1065,1152,1202,1294,1415,1502,1644,1695,1834,1911,2010
148,0.5097,0,0.1202,0.08157,7.94,118,221,330,445,542,612,737,867,958,1065,1152,1201,1294,1415,1502,1644,1695,1834,1911,2010
149,0.51035,0,0.12012,0.08161,7.99,118,221,330,445,542,612,738,867,958,1065,1152,1201,1294,1415,1502,1644,1695,1834,1911,2010
150,0.511,0,0.12004,0.08165,8.03,118,221,330,445,542,612,738,868,959,1065,1152,1201,1294,1415,1502,1644,1695,1834,1911,2010
151,0.51165,0,0.11996,0.08169,8.07,118,221,330,446,542,612,738,868,959,1065,1152,1201,1294,1415,1502,1644,1694,1834,1911,2009
152,0.51229,0,0.11988,0.08174,8.11,118,221,331,446,543,612,738,869,960,1065,1152,1201,1294,1415,1502,1644,1694,1834,1911,2009
153,0.51294,0,0.1198,0.08178,8.15,118,221,331,446,543,612,739,869,960,1065,1153,1201,1294,1415,1502,1644,1694,1834,1911,2009
154,0.51359,0,0.11972,0.0818,8.2,118,222,331,446,543,612,739,869,960,1065,1153,1201,1294,1415,1502,1644,1694,1834,1911,2009
155,0.51423,0,0.11964,0.08182,8.24,119,222,332,447,544,612,739,870,961,1065,1153,1201,1294,1415,1502,1644,1693,1834,1910,2009
156,0.51487,0,0.11956,0.08185,8.28,119,222,332,447,544,612,739,870,961,1065,1153,1201,1294,1415,1502,1644,1693,1835,1910,2009
157,0.51552,0,0.11948,0.08189,8.32,119,222,332,447,544,612,740,870,962,1065,1153,1201,1294,1415,1502,1645,1693,1835,1910,2009
158,0.51618,0,0.1194,0.08194,8.36,119,222,332,448,545,612,740,871,962,1065,1153,1201,1294,1415,1502,1645,1693,1835,1910,2009
159,0.51683,0,0.11932,0.08199,8.41,119,222,333,448,545,612,740,871,962,1065,1153,1201,1294,1415,1502,1645,1693,1835,1910,2008
160,0.51749,0,0.11924,0.08202,8.45,119,222,333,448,545,612,740,871,963,1065,1153,1201,1294,1415,1502,1645,1693,1835,1910,2008
161,0.51821,0,0.11915,0.08205,8.49,119,222,333,448,545,612,740,872,963,1065,1153,1200,1294,1415,1502,1645,1692,1835,1910,2008
162,0.5192,0,0.11903,0.08209,8.54,119,223,333,449,546,612,741,872,964,1065,1154,1200,1294,1415,1501,1645,1692,1835,1910,2008
163,0.52029,0,0.11889,0.08212,8.58,120,223,334,449,546,612,741,872,964,1065,1154,1200,1294,1415,1501,1645,1692,1835,1910,2008
164,0.52147,0,0.11874,0.08214,8.62,120,223,334,449,546,612,741,873,965,1065,1154,1200,1294,1415,1501,1645,1692,1835,1910,2008
165,0.52269,0,0.11859,0.08217,8.67,120,223,334,449,547,612,741,873,965,1065,1154,1200,1294,1415,1501,1645,1692,1835,1910,2008
166,0.52394,0,0.11844,0.0822,8.71,120,223,334,450,547,612,741,873,966,1065,1154,1200,1294,1415,1501,1646,1692,1836,1910,2008
167,0.52522,0,0.11828,0.08224,8.76,120,223,335,450,547,612,741,874,966,1065,1154,1200,1294,1415,1501,1646,1692,1836,1910,2008
168,0.52654,0,0.11811,0.08227,8.8,120,223,335,450,548,612,742,874,967,1065,1154,1200,1294,1415,1501,1646,1692,1836,1910,2007
169,0.52787,0,0.11795,0.08231,8.84,120,223,335,450,548,612,742,875,967,1065,1154,1200,1294,1415,1501,1646,1691,1836,1910,2007
170,0.52924,0,0.11778,0.08232,8.89,120,223,335,451,548,612,742,875,968,1065,1155,1200,1294,1415,1501,1646,1691,1836,1910,2007
171,0.53062,0,0.1176,0.08231,8.93,120,224,336,451,548,612,742,875,968,1065,1155,1200,1294,1415,1501,1646,1691,1836,1910,2007
172,0.53202,0,0.11743,0.0823,8.98,121,224,336,451,549,612,742,876,968,1065,1155,1199,1294,1415,1501,1646,1691,1836,1910,2007
173,0.53343,0,0.11725,0.0823,9.03,121,224,336,451,549,612,742,876,969,1065,1155,1199,1294,1415,1500,1646,1691,1836,1910,2007
174,0.53486,0,0.11707,0.08231,9.07,121,224,336,452,549,612,742,877,969,1065,1155,1199,1294,1415,1500,1647,1691,1837,1910,2007
175,0.53631,0,0.11689,0.08233,9.11,121,224,337,452,549,612,743,877,970,1065,1155,1199,1294,1415,1500,1647,1691,1837,1910,2007
176,0.53779,0,0.1167,0.08235,9.16,121,224,337,452,550,612,743,877,970,1065,1155,1199,1294,1415,1500,1647,1691,1837,1910,2007
177,0.53929,0,0.11651,0.08238,9.2,121,224,337,453,550,612,743,878,971,1065,1156,1199,1294,1415,1500,1647,1691,1837,1910,2007
178,0.54081,0,0.11632,0.08241,9.25,121,224,338,453,550,612,743,878,971,1065,1156,1199,1294,1415,1500,1647,1691,1837,1911,2006
179,0.54235,0,0.11613,0.08245,9.29,121,225,338,453,550,612,743,879,971,1065,1156,1199,1294,1415,1500,1647,1691,1837,1911,2006
180,0.5439,0,0.11593,0.08248,9.33,121,225,338,453,551,612,743,879,972,1065,1156,1199,1294,1415,1500,1647,1691,1837,1911,2006
181,0.54548,0,0.11573,0.08252,9.37,122,225,338,454,551,612,744,879,972,1065,1156,1198,1294,1415,1500,1647,1691,1837,1911,2006
182,0.54709,0,0.11552,0.08252,9.42,122,225,339,454,551,612,744,880,972,1065,1156,1198,1294,1415,1500,1647,1691,1838,1911,2006
183,0.54871,0,0.11531,0.08253,9.46,122,225,339,454,551,612,744,880,972,1065,1157,1198,1294,1415,1500,1647,1691,1838,1911,2006
184,0.55035,0,0.1151,0.08254,9.5,122,225,339,455,552,612,744,881,973,1065,1157,1198,1294,1415,1500,1648,1691,1838,1911,2006
185,0.55202,0,0.11489,0.08255,9.56,122,225,339,455,552,612,744,881,973,1065,1157,1198,1294,1415,1499,1648,1691,1838,1911,2006
186,0.55371,0,0.11467,0.08257,9.62,122,225,340,455,552,612,745,881,973,1065,1157,1198,1294,1415,1499,1648,1691,1838,1911,2006
187,0.55542,0,0.11445,0.0826,9.68,122,225,340,455,553,612,745,882,974,1065,1157,1198,1294,1415,1499,1648,1691,1838,1911,2005
188,0.55715,0,0.11423,0.0826,9.72,122,226,340,456,553,612,745,882,974,1065,1158,1198,1294,1415,1499,1648,1691,1838,1911,2005
189,0.55903,0,0.11399,0.0826,9.76,122,226,340,456,554,612,745,883,974,1065,1158,1198,1294,1415,1499,1648,1691,1838,1911,2005
190,0.56103,0,0.11373,0.0826,9.8,122,226,341,456,554,612,746,883,974,1065,1158,1198,1294,1415,1499,1648,1691,1838,1911,2005
191,0.56308,0,0.11346,0.0826,9.84,123,226,341,456,554,612,746,883,975,1065,1158,1198,1294,1415,1499,1648,1691,1838,1911,2005
192,0.56515,0,0.1132,0.08261,9.88,123,226,341,457,555,612,746,884,975,1065,1158,1198,1294,1415,1499,1648,1691,1838,1911,2005
193,0.56726,0,0.11292,0.08262,9.93,123,226,342,457,555,612,746,884,975,1065,1158,1198,1294,1415,1499,1648,1691,1838,1911,2005
194,0.5694,0,0.11264,0.08264,9.97,123,226,342,457,555,612,747,884,975,1065,1158,1198,1294,1415,1499,1649,1691,1838,1911,2005
195,0.57158,0,0.11236,0.08267,10.01,123,226,342,457,556,612,747,885,976,1065,1159,1198,1294,1415,1499,1649,1691,1839,1911,2005
196,0.57378,0,0.11207,0.0827,10.05,123,227,342,458,556,612,747,885,976,1065,1159,1198,1294,1415,1499,1649,1691,1839,1911,2004
197,0.576,0,0.11177,0.08271,10.11,123,227,343,458,556,612,747,885,976,1065,1159,1198,1294,1415,1499,1649,1691,1839,1911,2004
198,0.57824,0,0.11148,0.08272,10.18,123,227,343,458,557,612,748,886,976,1065,1159,1198,1294,1415,1499,1649,1691,1839,1911,2004
199,0.58051,0,0.11118,0.08272,10.23,123,227,343,459,557,612,748,886,976,1065,1159,1197,1294,1415,1499,1649,1691,1839,1911,2004
200,0.58281,0,0.11087,0.08273,10.27,123,227,343,459,557,612,748,886,976,1065,1159,1197,1294,1415,1499,1649,1691,1839,1911,2004
201,0.58503,0,0.11058,0.08273,10.31,124,227,344,459,557,612,748,887,976,1065,1159,1197,1294,1415,1499,1649,1691,1839,1911,2004
202,0.58727,0,0.11028,0.08274,10.36,124,227,344,459,558,612,749,887,977,1065,1160,1197,1294,1415,1499,1649,1691,1839,1911,2004
203,0.58951,0,0.10998,0.08275,10.4,124,227,344,460,558,612,749,887,977,1065,1160,1197,1294,1415,1498,1650,1691,1839,1911,2003
204,0.59177,0,0.10968,0.08276,10.44,124,228,344,460,558,612,749,888,977,1065,1160,1197,1294,1415,1498,1650,1691,1839,1911,2003
205,0.59405,0,0.10937,0.08278,10.48,124,228,345,460,559,613,749,888,977,1065,1160,1197,1294,1415,1498,1650,1691,1839,1911,2003
206,0.59624,0,0.10907,0.08281,10.54,124,228,345,461,559,613,749,888,977,1065,1160,1197,1294,1415,1498,1650,1691,1839,1911,2003
207,0.59832,0,0.10879,0.08282,10.59,124,228,345,461,559,613,750,889,976,1065,1160,1197,1294,1415,1498,1650,1691,1839,1911,2003
208,0.60041,0,0.10851,0.08281,10.63,124,228,345,461,560,613,750,889,976,1065,1161,1197,1294,1415,1498,1650,1691,1839,1911,2003
209,0.60249,0,0.10823,0.0828,10.67,124,228,346,461,560,613,750,889,976,1065,1161,1197,1294,1415,1498,1650,1691,1840,1911,2003
210,0.60457,0,0.10794,0.08277,10.71,124,228,346,462,561,613,750,890,976,1065,1161,1197,1294,1415,1498,1650,1691,1840,1911,2002
211,0.60665,0,0.10766,0.08274,10.76,125,228,346,462,561,613,750,890,976,1065,1161,1197,1294,1415,1498,1650,1691,1840,1911,2002
212,0.60873,0,0.10737,0.0827,10.81,125,229,347,462,561,613,751,890,976,1065,1161,1197,1294,1415,1498,1650,1691,1840,1911,2002
213,0.61081,0,0.10709,0.08274,10.86,125,229,347,463,562,613,751,891,976,1065,1162,1197,1294,1415,1498,1651,1691,1840,1911,2002
214,0.61289,0,0.1068,0.08284,10.9,125,229,347,463,562,613,751,891,976,1065,1162,1197,1294,1415,1498,1651,1691,1840,1911,2002
215,0.61498,0,0.10651,0.0829,10.94,125,229,347,463,563,613,751,891,976,1065,1162,1197,1295,1415,1498,1651,1691,1840,1911,2002
216,0.61708,0,0.10622,0.08293,10.98,125,229,348,463,563,613,751,892,976,1065,1162,1197,1295,1415,1498,1651,1691,1840,1911,2001
217,0.61919,0,0.10593,0.08294,11.02,125,229,348,464,563,613,752,892,976,1065,1163,1197,1295,1415,1498,1651,1691,1840,1911,2001
218,0.62132,0,0.10563,0.08292,11.07,125,229,348,464,564,613,752,892,976,1065,1163,1197,1295,1415,1497,1651,1691,1840,1911,2001
219,0.62345,0,0.10533,0.08289,11.11,125,229,348,464,564,613,752,893,976,1065,1163,1197,1295,1415,1497,1651,1691,1840,1911,2001
220,0.62558,0,0.10504,0.08295,11.15,125,229,349,464,565,613,752,893,976,1065,1163,1197,1295,1415,1497,1652,1691,1840,1911,2001
221,0.6277,0,0.10474,0.08314,11.2,126,230,349,465,565,613,753,893,976,1065,1164,1197,1295,1415,1497,1652,1691,1840,1911,2001
222,0.62983,0,0.10444,0.08331,11.24,126,230,349,465,565,613,753,894,976,1065,1164,1197,1295,1415,1497,1652,1691,1840,1911,2000
223,0.63196,0,0.10414,0.08344,11.28,126,230,350,465,566,613,753,894,976,1065,1164,1197,1295,1415,1497,1652,1691,1840,1911,2000
224,0.6341,0,0.10383,0.08356,11.33,126,230,350,465,566,613,754,895,976,1065,1164,1197,1296,1415,1497,1653,1691,1840,1911,2000
225,0.63619,0,0.10354,0.08375,11.37,126,230,350,466,567,613,754,895,976,1065,1165,1197,1296,1415,1497,1653,1691,1840,1911,2000
226,0.63824,0,0.10325,0.08397,11.42,126,230,350,466,567,613,754,895,977,1065,1165,1197,1296,1415,1497,1653,1691,1840,1911,2000
227,0.6403,0,0.10295,0.08413,11.46,126,230,351,466,567,613,754,896,977,1065,1165,1197,1296,1415,1497,1653,1691,1840,1911,2000
228,0.64236,0,0.10266,0.08425,11.5,126,230,351,466,568,613,755,896,977,1065,1165,1197,1296,1415,1497,1653,1691,1840,1911,2000
229,0.64443,0,0.10236,0.08434,11.55,127,231,351,466,568,613,755,897,977,1065,1166,1197,1297,1415,1496,1654,1692,1840,1911,1999
230,0.6465,0,0.10206,0.08438,11.59,127,231,352,467,569,613,755,897,977,1065,1166,1196,1297,1415,1496,1654,1692,1840,1911,1999
231,0.64858,0,0.10176,0.0844,11.63,127,231,352,467,569,613,755,897,977,1065,1166,1196,1297,1415,1496,1654,1692,1840,1911,1999
232,0.65067,0,0.10146,0.0844,11.67,127,231,352,467,569,613,756,898,977,1065,1166,1196,1297,1415,1496,1654,1692,1840,1911,1999
233,0.65276,0,0.10115,0.08438,11.72,127,231,352,467,570,614,756,898,977,1065,1167,1196,1297,1415,1496,1655,1692,1840,1911,1999
234,0.65486,0,0.10085,0.08433,11.76,127,231,353,468,570,614,756,899,977,1065,1167,1196,1297,1415,1496,1655,1692,1840,1911,1999
235,0.65696,0,0.10054,0.08427,11.8,127,231,353,468,571,614,756,899,977,1065,1167,1196,1297,1415,1496,1655,1692,1840,1911,1999
236,0.65892,0,0.10025,0.0842,11.84,127,231,353,468,571,614,756,899,976,1065,1167,1196,1297,1415,1496,1655,1692,1840,1911,1999
237,0.6606,0,0.1,0.08409,11.88,127,231,354,468,571,614,757,900,976,1065,1168,1196,1297,1415,1496,1655,1692,1840,1911,1999
238,0.66229,0,0.09975,0.08397,11.93,128,232,354,469,572,614,757,900,976,1065,1168,1196,1297,1415,1496,1656,1692,1840,1911,1998
239,0.664,0,0.0995,0.08382,11.97,128,232,354,469,572,615,757,900,976,1065,1168,1196,1296,1415,1496,1656,1692,1840,1911,1998
240,0.66572,0,0.09925,0.08366,12.01,128,232,354,469,573,615,757,901,976,1065,1169,1196,1296,1415,1496,1656,1692,1840,1911,1998
241,0.66746,0,0.09899,0.08348,12.05,128,232,355,469,573,615,758,901,976,1065,1169,1195,1296,1415,1496,1656,1692,1840,1911,1998
242,0.66921,0,0.09873,0.08328,12.09,128,232,355,470,573,615,758,901,976,1065,1169,1195,1296,1415,1496,1656,1692,1840,1911,1998
243,0.67096,0,0.09847,0.08309,12.14,128,232,355,470,574,616,758,902,976,1065,1169,1195,1296,1415,1495,1656,1692,1840,1911,1998
244,0.67272,0,0.0982,0.08288,12.19,128,232,355,470,574,616,758,902,976,1065,1170,1195,1296,1415,1495,1656,1692,1840,1911,1998
245,0.67449,0,0.09794,0.08267,12.23,128,233,356,470,575,617,758,902,976,1065,1170,1195,1296,1415,1495,1657,1692,1840,1911,1997
246,0.67627,0,0.09767,0.08246,12.27,128,233,356,471,575,617,759,903,976,1065,1170,1195,1296,1415,1495,1657,1693,1840,1911,1997
247,0.67806,0,0.0974,0.08226,12.31,128,233,356,471,575,618,759,903,976,1065,1171,1195,1296,1415,1495,1657,1693,1840,1911,1997
248,0.67985,0,0.09713,0.08208,12.35,129,233,357,471,576,618,759,903,976,1065,1171,1195,1296,1415,1495,1657,1693,1840,1911,1997
249,0.68154,0,0.09687,0.08191,12.39,129,233,357,471,576,619,759,904,976,1065,1171,1195,1296,1415,1495,1657,1693,1840,1911,1997
250,0.68317,0,0.09662,0.08176,12.45,129,233,357,471,576,620,759,904,976,1065,1171,1195,1296,1415,1495,1657,1693,1840,1911,1997
251,0.68481,0,0.09637,0.0816,12.5,129,233,357,472,577,620,760,904,976,1065,1171,1195,1296,1415,1495,1657,1693,1840,1911,1996
252,0.68644,0,0.09612,0.08145,12.54,129,233,358,472,577,621,760,905,976,1065,1172,1195,1296,1415,1495,1657,1693,1840,1911,1996
253,0.68807,0,0.09587,0.0813,12.58,129,234,358,472,577,622,760,905,976,1065,1172,1194,1296,1415,1495,1657,1693,1840,1911,1996
254,0.6897,0,0.09562,0.08117,12.63,129,234,358,473,578,622,760,905,976,1065,1172,1194,1296,1415,1495,1657,1693,1840,1911,1996
255,0.69134,0,0.09537,0.08105,12.67,129,234,359,473,578,623,761,906,976,1065,1172,1194,1296,1415,1495,1657,1693,1840,1911,1996
256,0.69299,0,0.09511,0.08093,12.71,129,234,359,473,579,623,761,906,976,1065,1172,1194,1296,1415,1495,1657,1693,1840,1911,1996
257,0.69466,0,0.09485,0.0808,12.75,130,234,359,473,579,624,761,906,976,1065,1173,1194,1296,1415,1495,1658,1693,1840,1911,1996
258,0.69634,0,0.09459,0.08067,12.79,130,234,359,474,579,624,761,907,976,1065,1173,1194,1296,1415,1495,1658,1693,1840,1911,1996
259,0.698,0,0.09433,0.08055,12.83,130,234,360,474,580,625,762,907,976,1065,1173,1194,1296,1415,1495,1658,1693,1840,1911,1995
260,0.69965,0,0.09408,0.08044,12.87,130,235,360,474,580,626,762,908,976,1065,1173,1194,1296,1415,1495,1658,1693,1840,1911,1995
261,0.7013,0,0.09382,0.08033,12.92,130,235,360,474,581,626,762,908,976,1065,1173,1194,1296,1415,1495,1658,1693,1840,1911,1995
262,0.70295,0,0.09356,0.08024,12.96,130,235,361,475,581,627,762,908,976,1065,1173,1194,1296,1415,1495,1658,1693,1840,1911,1995
263,0.70461,0,0.09329,0.08014,13.0,130,235,361,475,581,628,763,909,976,1065,1173,1194,1296,1415,1495,1658,1693,1840,1911,1995
264,0.70628,0,0.09303,0.08008,13.04,130,235,361,475,582,628,763,909,976,1065,1174,1194,1296,1415,1495,1658,1693,1840,1911,1995
265,0.70794,0,0.09277,0.08001,13.08,130,235,361,475,582,629,763,910,976,1065,1174,1194,1296,1415,1495,1659,1693,1840,1911,1995
266,0.70959,0,0.0925,0.07994,13.13,130,235,362,476,582,630,763,910,976,1065,1174,1194,1296,1415,1495,1659,1693,1840,1911,1995
267,0.71124,0,0.09224,0.07986,13.18,131,235,362,476,583,630,764,910,976,1065,1174,1194,1296,1415,1495,1659,1693,1840,1911,1995
268,0.71288,0,0.09198,0.07977,13.25,131,236,362,476,583,631,764,911,976,1065,1174,1193,1296,1415,1495,1659,1693,1840,1911,1994
269,0.71452,0,0.09172,0.07968,13.32,131,236,362,477,583,631,764,911,976,1065,1174,1193,1296,1415,1495,1659,1693,1840,1911,1994
270,0.71616,0,0.09145,0.07958,13.37,131,236,363,477,584,631,764,911,976,1065,1174,1193,1296,1415,1495,1659,1693,1840,1911,1994
271,0.71781,0,0.09119,0.07946,13.41,131,236,363,477,584,632,765,912,976,1065,1174,1193,1296,1415,1495,1660,1693,1840,1911,1994
272,0.71946,0,0.09092,0.07934,13.45,131,236,363,478,584,632,765,912,976,1065,1174,1193,1296,1415,1495,1660,1693,1840,1911,1994
273,0.7211,0,0.09065,0.07921,13.49,131,236,363,478,585,633,765,913,976,1065,1174,1193,1296,1415,1495,1660,1693,1840,1911,1994
274,0.72273,0,0.09039,0.07907,13.53,131,236,364,478,585,634,766,913,976,1065,1175,1193,1296,1415,1495,1660,1693,1840,1911,1994
275,0.72435,0,0.09012,0.07892,13.58,131,236,364,478,586,634,766,913,976,1065,1175,1193,1296,1415,1494,1660,1693,1840,1911,1993
276,0.72598,0,0.08986,0.07877,13.62,131,237,364,479,586,635,766,914,976,1065,1175,1192,1296,1415,1494,1660,1693,1840,1911,1993
277,0.72762,0,0.08959,0.0786,13.66,132,237,364,479,586,635,766,914,976,1065,1175,1192,1296,1415,1494,1660,1693,1840,1911,1993
278,0.72924,0,0.08932,0.07843,13.71,132,237,365,479,587,636,767,915,976,1065,1175,1192,1296,1415,1494,1660,1693,1840,1911,1993
279,0.73087,0,0.08905,0.07832,13.77,132,237,365,480,587,636,767,915,976,1065,1175,1192,1296,1415,1494,1660,1693,1840,1911,1993
280,0.73248,0,0.08879,0.07827,13.82,132,237,365,480,587,637,767,916,976,1065,1175,1192,1296,1415,1494,1660,1693,1840,1911,1993
281,0.73408,0,0.08852,0.07819,13.86,132,237,366,480,588,638,767,916,976,1065,1175,1192,1296,1415,1494,1660,1693,1840,1911,1993
282,0.73569,0,0.08825,0.07808,13.9,132,237,366,480,588,638,767,917,976,1065,1176,1192,1296,1415,1494,1661,1693,1840,1911,1993
283,0.73728,0,0.08798,0.07795,13.95,132,238,366,481,589,639,768,917,976,1065,1176,1192,1296,1415,1494,1661,1693,1840,1911,1992
284,0.73882,0,0.08773,0.07781,13.99,132,238,366,481,589,639,768,917,976,1065,1176,1191,1296,1415,1494,1661,1693,1840,1911,1992
285,0.74038,0,0.08746,0.07769,14.03,132,238,367,481,590,640,768,918,976,1065,1176,1191,1296,1415,1494,1661,1693,1840,1911,1992
286,0.74198,0,0.08719,0.07758,14.08,132,238,367,482,590,640,768,918,976,1065,1176,1191,1296,1415,1494,1661,1693,1840,1911,1992
287,0.74357,0,0.08692,0.07747,14.12,133,238,367,482,590,641,769,919,976,1065,1176,1191,1296,1415,1494,1661,1693,1840,1911,1992
288,0.74513,0,0.08666,0.07734,14.17,133,238,367,482,591,641,769,919,976,1065,1176,1191,1296,1415,1494,1661,1693,1840,1911,1992
289,0.74668,0,0.0864,0.0772,14.21,133,238,368,482,591,642,769,919,976,1065,1177,1191,1296,1415,1494,1661,1693,1840,1911,1992
290,0.74821,0,0.08613,0.07703,14.26,133,239,368,483,591,642,769,920,976,1065,1177,1190,1296,1415,1494,1661,1693,1840,1911,1992
291,0.74976,0,0.08587,0.0769,14.3,133,239,368,483,592,643,770,920,977,1065,1177,1190,1296,1415,1494,1662,1693,1840,1911,1991
292,0.75133,0,0.0856,0.07682,14.34,133,239,368,483,592,643,770,920,977,1065,1177,1190,1296,1415,1494,1662,1693,1840,1911,1991
293,0.75288,0,0.08533,0.07679,14.38,133,239,369,483,593,644,770,921,977,1065,1177,1190,1296,1415,1494,1662,1693,1840,1911,1991
294,0.75441,0,0.08507,0.07673,14.42,133,239,369,484,593,644,770,921,977,1065,1177,1190,1296,1415,1494,1662,1693,1840,1911,1991
295,0.75595,0,0.0848,0.07663,14.48,133,239,369,484,593,644,771,921,977,1065,1178,1189,1296,1415,1494,1662,1693,1840,1911,1991
296,0.75748,0,0.08453,0.07649,14.53,133,239,370,484,594,645,771,922,977,1065,1178,1189,1296,1415,1494,1662,1693,1840,1911,1991
297,0.75901,0,0.08427,0.07633,14.58,133,239,370,485,594,645,771,922,977,1065,1178,1189,1296,1415,1494,1662,1693,1840,1911,1990
298,0.76053,0,0.084,0.07615,14.62,133,240,370,485,595,646,772,922,977,1065,1178,1189,1296,1415,1494,1663,1693,1840,1911,1990
299,0.76205,0,0.08373,0.07594,14.66,134,240,370,485,595,647,772,922,977,1065,1178,1189,1296,1415,1494,1663,1693,1840,1911,1990
300,0.76356,0,0.08347,0.07571,14.7,134,240,371,485,595,647,772,923,977,1065,1178,1188,1296,1415,1494,1663,1693,1840,1911,1990
301,0.76506,0,0.0832,0.07553,14.74,134,240,371,486,596,648,773,923,977,1065,1178,1188,1296,1415,1494,1663,1693,1840,1911,1990
302,0.76655,0,0.08294,0.0754,14.78,134,240,371,486,596,648,773,923,977,1065,1179,1188,1296,1415,1494,1663,1693,1840,1911,1990
303,0.76805,0,0.08267,0.07535,14.83,134,240,372,486,596,649,773,923,977,1065,1179,1188,1296,1415,1494,1663,1693,1840,1911,1990
304,0.76953,0,0.08241,0.0753,14.87,134,240,372,487,597,649,773,924,977,1065,1179,1188,1296,1415,1494,1663,1693,1840,1911,1990
305,0.77099,0,0.08215,0.0752,14.91,134,241,372,487,597,650,774,924,977,1065,1179,1187,1296,1415,1494,1663,1693,1840,1911,1989
306,0.77245,0,0.08188,0.07508,14.95,134,241,372,487,597,651,774,924,977,1065,1179,1187,1296,1415,1494,1664,1693,1840,1911,1989
307,0.7739,0,0.08162,0.07492,14.99,134,241,373,487,598,651,774,924,977,1065,1179,1187,1296,1415,1494,1664,1693,1840,1911,1989
308,0.77536,0,0.08136,0.07472,15.03,134,241,373,488,598,652,775,925,977,1065,1179,1187,1296,1415,1494,1664,1693,1840,1911,1989
309,0.7768,0,0.0811,0.07458,15.08,134,241,373,488,598,652,775,925,977,1065,1179,1187,1296,1415,1494,1664,1693,1840,1911,1989
310,0.77825,0,0.08083,0.07448,15.12,134,241,373,488,598,653,775,925,977,1065,1179,1186,1296,1415,1493,1664,1693,1840,1911,1989
311,0.77969,0,0.08057,0.07443,15.16,135,241,374,489,598,654,775,925,977,1065,1180,1186,1296,1415,1493,1664,1693,1840,1911,1989
312,0.78113,0,0.08031,0.07432,15.2,135,242,374,489,598,654,776,926,977,1065,1180,1186,1296,1415,1493,1664,1693,1840,1911,1989
313,0.78257,0,0.08004,0.07416,15.24,135,242,374,489,599,655,776,926,977,1065,1180,1186,1296,1415,1493,1664,1693,1840,1911,1989
314,0.78404,0,0.07977,0.07398,15.28,135,242,375,489,599,655,776,926,977,1065,1180,1186,1296,1415,1493,1664,1693,1840,1911,1988
315,0.7855,0,0.0795,0.07378,15.33,135,242,375,490,599,656,776,926,977,1065,1180,1185,1296,1415,1493,1664,1693,1840,1911,1988
316,0.78692,0,0.07924,0.07363,15.37,135,242,375,490,600,656,777,926,977,1065,1180,1185,1296,1415,1493,1664,1693,1840,1911,1988
317,0.78836,0,0.07897,0.07354,15.41,135,242,375,490,600,657,777,927,977,1065,1180,1185,1296,1415,1493,1665,1693,1840,1911,1988
318,0.78978,0,0.0787,0.07348,15.45,135,242,376,490,601,658,777,927,977,1065,1180,1185,1296,1415,1493,1665,1693,1840,1911,1988
319,0.79119,0,0.07844,0.07336,15.49,135,242,376,491,601,658,778,927,977,1065,1180,1185,1296,1415,1493,1665,1693,1840,1911,1988
320,0.79261,0,0.07817,0.07319,15.53,135,243,376,491,602,659,778,928,977,1065,1181,1184,1296,1415,1493,1665,1693,1840,1911,1988
321,0.79402,0,0.07791,0.07298,15.58,136,243,376,491,602,660,778,928,977,1065,1181,1184,1296,1415,1493,1665,1693,1840,1911,1988
322,0.79541,0,0.07764,0.07283,15.62,136,243,377,491,602,660,778,928,977,1065,1181,1184,1296,1415,1493,1665,1693,1840,1911,1988
323,0.7968,0,0.07738,0.07272,15.66,136,243,377,491,603,661,779,929,977,1065,1181,1184,1296,1415,1493,1665,1693,1840,1911,1987
324,0.79819,0,0.07711,0.07256,15.7,136,243,377,492,603,661,779,929,977,1065,1181,1183,1296,1415,1493,1665,1693,1840,1911,1987
325,0.79956,0,0.07685,0.07234,15.74,136,243,378,492,603,662,779,929,977,1065,1182,1183,1296,1415,1493,1665,1693,1840,1911,1987
326,0.80094,0,0.07659,0.07219,15.79,136,243,378,492,604,662,779,930,977,1065,1182,1183,1296,1415,1493,1665,1693,1840,1911,1987
327,0.80232,0,0.07632,0.0721,15.83,136,244,378,492,604,663,779,930,977,1065,1182,1183,1296,1415,1493,1665,1693,1840,1911,1987
328,0.80367,0,0.07606,0.07205,15.87,137,244,378,493,604,664,780,930,977,1065,1182,1182,1296,1415,1493,1665,1693,1840,1911,1987
329,0.80503,0,0.0758,0.07193,15.91,137,244,379,493,605,664,780,931,977,1065,1183,1182,1296,1415,1493,1666,1693,1840,1910,1987
330,0.80638,0,0.07553,0.07176,15.95,137,244,379,493,605,665,780,931,977,1065,1183,1182,1296,1415,1493,1666,1693,1840,1910,1987
331,0.80774,0,0.07527,0.07154,16.0,137,244,379,493,605,665,781,931,977,1065,1183,1182,1296,1415,1493,1666,1693,1840,1911,1987
332,0.80908,0,0.075,0.07136,16.04,137,244,379,494,605,666,781,932,977,1065,1183,1181,1296,1415,1493,1666,1693,1840,1910,1987
333,0.81042,0,0.07474,0.07124,16.08,137,244,380,494,606,666,781,932,977,1065,1184,1181,1296,1415,1493,1666,1693,1840,1910,1987
334,0.81174,0,0.07448,0.07115,16.13,138,245,380,494,606,667,781,932,977,1065,1184,1181,1296,1415,1493,1666,1693,1840,1910,1986
335,0.81307,0,0.07422,0.07099,16.18,138,245,380,494,606,667,782,933,977,1065,1184,1181,1296,1415,1493,1666,1693,1840,1910,1986
336,0.8144,0,0.07395,0.07078,16.23,138,245,381,495,606,668,782,933,977,1065,1184,1180,1296,1415,1493,1666,1693,1840,1910,1986
337,0.81572,0,0.07369,0.07063,16.27,138,245,381,495,606,668,782,934,977,1065,1185,1180,1296,1415,1493,1666,1693,1840,1910,1986
338,0.81703,0,0.07343,0.07053,16.31,138,245,381,495,607,669,783,934,977,1065,1185,1180,1296,1415,1493,1666,1693,1840,1910,1986
339,0.81834,0,0.07316,0.07036,16.36,138,245,381,495,607,669,783,934,977,1065,1185,1180,1296,1415,1493,1666,1693,1840,1910,1986
340,0.81964,0,0.0729,0.07023,16.4,138,246,382,496,607,670,783,935,977,1065,1185,1179,1296,1415,1493,1667,1693,1840,1910,1986
341,0.82094,0,0.07264,0.07003,16.46,138,246,382,496,607,671,784,935,977,1065,1186,1179,1296,1415,1493,1667,1693,1840,1910,1986
342,0.82224,0,0.07237,0.06988,16.52,139,246,382,496,608,671,784,936,977,1065,1186,1179,1296,1415,1493,1667,1693,1840,1910,1985
343,0.82352,0,0.07211,0.06976,16.58,139,246,383,496,608,672,784,936,977,1065,1186,1179,1296,1415,1493,1667,1693,1840,1910,1985
344,0.8248,0,0.07185,0.06958,16.63,139,246,383,497,609,672,785,936,977,1065,1186,1179,1296,1415,1493,1667,1693,1840,1910,1985
345,0.82606,0,0.07159,0.06934,16.69,139,246,383,497,609,673,785,937,977,1065,1186,1178,1296,1415,1493,1667,1693,1840,1910,1985
346,0.82732,0,0.07133,0.06916,16.75,139,246,383,497,609,673,785,937,977,1065,1187,1178,1296,1415,1493,1667,1693,1840,1910,1985
347,0.82857,0,0.07107,0.06902,16.8,139,247,384,497,610,674,786,937,977,1065,1187,1178,1296,1415,1493,1667,1693,1840,1910,1985
348,0.82983,0,0.07081,0.06893,16.85,139,247,384,498,610,674,786,938,977,1065,1187,1178,1296,1415,1493,1667,1693,1840,1910,1985
349,0.83106,0,0.07055,0.06889,16.9,139,247,384,498,610,674,786,938,977,1065,1187,1178,1296,1415,1493,1667,1693,1840,1910,1984
